Product Name,Discount Prices(?),Actual Prices(?),Weight/Type,Discount Percentage(%),Rating,Users
deconstruct Sunscreen - SPF 55+ PA+++ Lightweight Gel S...,314,349,50 g,10% off,4.2,"1,41,746"
Cetaphil Oily Skin Cleanser Face Wash,608,699,125 ml,13% off,4.3,"43,936"
BIOTIQUE Rice Water & Niacinamide Gel |Removes Excess O...,165,259,100 ml,36% off,4.2,"3,104"
TRU HAIR & SKIN Radiant Glow Skincare Trio: Vitamin C &...,415,967,3 Items in the set,57% off,4.1,87
"Skinkraft Vitamin C Radiance Kit, Face Wash + Night cre...","1,399","1,946",4 Items in the set,28% off,4,807
Chemist at Play Vitamin C  For Glowing Skin - Niacinami...,199,299,100 ml,33% off,4.3,"6,798"
"Cetaphil Gentle Skin Cleanser With Mild, Non Irritating...",377,429,125 ml,12% off,4.3,"2,82,797"
"Phillauri Complete Skin Care Cleanse, Tone, Exfoliate, ...",205,"1,596",4 Items in the set,87% off,3.9,"9,297"
PERSONAL TOUCH SKINCARE Facebath Milky Facewash with Ni...,779,"1,587",300 ml,50% off,4.6,19
GLAMVEDA Korean Glass Skin Rice & Ceramide Face Serum &...,340,949,2 Items in the set,64% off,4.3,878
Etszaz Silicone Ice Roller | Ice Pouch | Skin Natural G...,116,499,100 ml,76% off,4.2,"3,598"
"mCaffeine Coffee Body & Face , Remove Tan, Dead Skin, B...",364,508,130 g,28% off,4.3,"19,318"
Simple Kind To Skin Refreshing Facial Wash Face Wash,339,399,150 ml,15% off,4.2,"47,866"
"GREENLEAF Pure Aloe Vera Skin Gel,Ayurvedic,Soothing Ge...",217,260,240 g,16% off,4.4,653
"The Plant Fix Plix Jamun Active Acne Kit, Toner, Serum,...","1,498","2,575",6 Items in the set,41% off,4.3,513
TRU HAIR & SKIN 4-in-1 Men’s Styling & Skincare Kit | H...,417,"1,146",4 Items in the set,63% off,4,778
BOROPLUS Soft Ayurvedic Antiseptic Cream|Light & Non-st...,191,435,300 ml,56% off,4.3,"35,339"
"mCaffeine Coffee Face Wash & Scrub Combo, Reduces Acne ...",345,458,150 g,24% off,4.2,"6,897"
BIODERMA Pigmentbio Foaming Cream Brightening Exfoliati...,878,879,200 ml,10% off,4.2,"4,634"
Minimalist Dry_Skincare_Kit,"1,077","1,197",3 Items in the set,36% off,4.1,422
BIOTIQUE Fresh Neem Pimple Control  | Pimple & Acne rem...,169,265,200 ml,44% off,4.3,"1,00,942"
Clean & Clear Foaming 480ml| Clinically proven| Pimple ...,481,860,480 ml,59% off,4.4,"1,35,658"
GLAMVEDA Watermelon & Collagen Anti Ageing Combo ( Face...,225,550,2 Items in the set,47% off,4.3,27
BIOTIQUE Fresh Neem Pimple Control  Prevents Pimples|Al...,206,390,300 ml,35% off,4.3,"4,674"
Proskire Niacinamide Serum With Face Wash For Acne,611,948,2 Items in the set,5% off,4,793
"IMC Aloe  With Haldi Chandan | Prevents Acne, Pimples, ...",237,250,100 g,82% off,4.3,295
"Dr. Alies Professional Vitamin C Face Serum, Vitamin C ...",263,"1,497",3 Items in the set,82% off,3.8,"13,559"
Phillauri Instant glow Ultimate Ubtan Skin Care Kit Ubt...,156,897,3 Items in the set,59% off,3.9,"3,535"
GLAMVEDA Rice Ceramide & Korean Glass Skin Brightening ...,225,560,2 Items in the set,25% off,4.1,93
Foxtale Detan and Glow Duo – Tan Removal + Glow-Boostin...,595,794,2 Items in the set,75% off,4.4,18
ELIBLISS Vitamin C Face Serum for Uneven Skin with Deto...,123,499,2 Items in the set,53% off,3.8,50
Joy Vitamin C Complete Summer Face Care Routine | Face ...,569,"1,213",4 Items in the set,31% off,4.3,"4,530"
PERSONAL TOUCH SKINCARE Facebath Milky Facewash with Ni...,363,529,100 ml,60% off,4.3,166
GLAMVEDA 2% Kojic Acid 3-Step Skincare Routine for Pigm...,449,"1,148",3 Items in the set,11% off,4.5,63
DR.RASHEL Korean Glass Skin Essence Gel | Infused with ...,222,250,380 ml,48% off,4.2,353
BIOTIQUE Morning Nectar Flawless Skin Moisturizer | 24H...,171,330,190 ml,85% off,4.4,"1,33,695"
Phillauri Beard Care and Skin Care Combo Kit,190,"1,297",1 Items in the set,5% off,4,48
Minimalist 2% Salicylic Acid For Oily Skin | Sulphate F...,569,599,250 ml,33% off,4.2,"96,060"
Skinkraft Night Routine Kit | Complete Skincare Set for...,"1,499","2,246",4 Items in the set,54% off,4.3,196
WILDGLOW Overnight Collagen Korean Skincare Face Mask f...,"1,899","4,180",136 g,13% off,4.8,61
Cetaphil Oily Skin Cleanser Face Wash,608,699,125 ml,12% off,4.3,"43,936"
"Cetaphil Gentle Skin Cleanser With Mild, Non Irritating...",377,429,125 ml,29% off,4.3,"2,82,797"
mCaffeine Pollution & Sun Protection SPF 50++ Coffee Ki...,838,"1,197",3 Items in the set,87% off,4.5,56
Phillauri Charcoal Facewash For Anti-Pollution,75,598,2 Items in the set,86% off,4.2,9
"Phillauri All-in-One Skin Care Kit Exfoliate, Hydrate, ...",167,"1,197",3 Items in the set,35% off,3.9,352
Iba Ubtan Essentials Skin Care Regime Combo for Glowing...,550,847,3 Items in the set,87% off,4.4,68
"Phillauri Complete Skin Care Cleanse, Tone, Exfoliate, ...",205,"1,596",4 Items in the set,28% off,3.9,"9,297"
"mCaffeine Coffee Body & Face , Remove Tan, Dead Skin, B...",364,508,130 g,77% off,4.3,"19,318"
ELIBLISS The Secret to Perfect Skin: Vitamin C Gel Face...,114,499,2 Items in the set,42% off,3.9,131
GLAMVEDA Glutathione Skin Lightening & Brightening 4-St...,635,"1,099",4 Items in the set,56% off,4,62
BOROPLUS Soft Ayurvedic Antiseptic Cream|Light & Non-st...,191,435,300 ml,24% off,4.3,"35,339"
"mCaffeine Coffee Face Wash & Scrub Combo, Reduces Acne ...",345,458,150 g,40% off,4.2,"6,897"
Minomine Gamechangers Skincare Routine Kit for Oily Ski...,"1,138","1,897",5 Items in the set,60% off,3.1,8
GLAMVEDA Rice & Ceramide Korean Glass Skin Moisturizer ...,280,700,2 Items in the set,15% off,4.1,562
mCaffeine Summer essential Skincare Kit for Exfoliation...,626,737,3 Items in the set,40% off,4.4,"1,930"
BIOTIQUE Papaya Deep Cleanse For Glowing Skin  | Tan re...,189,315,200 ml,8% off,4.3,"52,382"
deconstruct Sunscreen - SPF SPF 50+ PA++++ Fluid Bright...,367,399,50 g,5% off,4.1,"10,020"
Minimalist Gentle Cleanser 6% Oat Extract For Sensitive...,284,299,120 ml,31% off,4.2,"5,836"
deconstruct Daily Oil Free Cleanse & Hydrate Duo - Oil ...,441,648,150 ml,15% off,4.2,87
mCaffeine Green Tea Skin Care Gift | Men & Women Winter...,"1,741","2,049",4 Items in the set,55% off,4.5,601
"GLAMVEDA 2% Kojic Acid 3 Step Skincare Set – Facewash, ...",513,"1,148",3 Items in the set,89% off,4.9,11
ANI'S Premium Quality Rose Water (Gulab Jal) With Multa...,61,600,2 Items in the set,30% off,4.2,529
Pilgrim Tea Tree Good Night Ritual Premium for Acne-Fre...,"1,032","1,475",4 Items in the set,1% off,4.2,148
Nature Derma Radiant Glow Starter Kit: Skincare Solutio...,838,849,4 Items in the set,47% off,3.6,31
Herbs and Pure Daily Skincare Combo - Skin Lightening V...,262,500,2 Items in the set,41% off,4.1,167
GLAMVEDA Glutathione Skin Perfecting Brightening & Dark...,464,799,3 Items in the set,82% off,4.3,10
"Phillauri Vitamin C Face Serum, Facewash And Cream For ...",190,"1,097",3 Items in the set,52% off,4,94
GLAMVEDA Glass Skin Rice & Ceramide 3 Step Daily Skinca...,569,"1,199",3 Items in the set,6% off,4.8,4
O3+ Radiance Skincare Combo With Facial Kit for Radiant...,"1,288","1,384",2 Items in the set,66% off,4.4,18
CO Luxury Combo of Botox Cream & Glutathione 3D Glow Sk...,863,"2,598",2 Items in the set,63% off,4.3,"1,609"
GLAMVEDA Korean Glass Skin Rice & Ceramide 6 Step Daily...,874,"2,409",6 Items in the set,16% off,4.6,143
mCaffeine Cover me in Stardust Shimmer Gift Kit,500,599,2 Items in the set,33% off,4.5,"1,350"
Chemist at Play Acne Control Face wash | Salicylic Acid...,199,299,100 ml,30% off,4.3,72
Pilgrim Youthful Skincare Kit with Retinol for Overnigh...,875,"1,250",2 Items in the set,41% off,4,36
Ayouthveda FACECARE KIT,209,359,2 Items in the set,81% off,4.1,899
"Pelle Beauty Vitamin C 20% & E, Skin Lightening, Whiten...",184,999,30 ml,69% off,3.9,374
saturn by ghc (120ml) Face Toner (150ml) Anti Ageing Se...,467,"1,547",3 Items in the set,35% off,4.4,69
Iba Ubtan Skincare Kit for Glowing Skin | Removes Tan &...,"1,134","1,745",5 Items in the set,30% off,4.3,208
Pilgrim u Night Skincare Retinol,630,900,1 Items in the set,57% off,4.4,66
Herbs and Pure Combo of Vitamin C Face Wash & Face Seru...,212,500,2 Items in the set,13% off,4.3,"43,936"
Cetaphil Oily Skin Cleanser Face Wash,608,699,125 ml,12% off,4.3,"2,82,797"
"Cetaphil Gentle Skin Cleanser With Mild, Non Irritating...",377,429,125 ml,40% off,3.9,12
Minomine Gamechangers Skincare Routine Set for Dry Skin...,699,"1,165",3 Items in the set,72% off,4.2,655
the pHrase Clarifying therapy Serum & Facewash combo fo...,297,"1,098",2 Items in the set,10% off,4.3,501
Minimalist Daily Acne Care Kit,808,898,2 Items in the set,12% off,3.9,"9,297"
HYPHEN Daily Face Care Combo - Normal to Dry Skin | Ser...,"1,361","1,547",3 Items in the set,87% off,4.3,"19,318"
"Phillauri Complete Skin Care Cleanse, Tone, Exfoliate, ...",205,"1,596",4 Items in the set,28% off,4.4,"18,675"
"mCaffeine Coffee Body & Face , Remove Tan, Dead Skin, B...",364,508,130 g,20% off,4.3,155
Garnier Men Men's Skincare Essentials|Turbo Bright Face...,454,568,190 g,30% off,4.3,"35,339"
"Pilgrim Control Serum 30ml, Anti-Acne Foaming Face Wash...",588,840,2 Items in the set,56% off,4.2,"6,897"
BOROPLUS Soft Ayurvedic Antiseptic Cream|Light & Non-st...,191,435,300 ml,24% off,4.1,"9,462"
"mCaffeine Coffee Face Wash & Scrub Combo, Reduces Acne ...",345,458,150 g,68% off,3.9,103
Phillauri Coffee Skin Care Combo For Deeply Cleanses & ...,186,598,3 Items in the set,72% off,4.3,201
Phillauri Coffee Skin Care Combo For Natural Glowing Ta...,167,598,3 Items in the set,68% off,4.2,862
Phillauri Coffee Skin Care Combo For Tan Removal And Sk...,186,598,3 Items in the set,81% off,4.3,"16,366"
Phillauri Vitamin C Serum and Facewash for Brightening ...,145,798,1 Items in the set,5% off,3.8,"13,559"
Chemist at Play Vitamin C Neck Knee Elbow Brightening R...,329,349,40 ml,70% off,3.6,9
SWOSH Skincare Combo Of Vitamin C Refill 200 ml Face Wa...,292,999,2 Items in the set,3% off,4.4,16
SWOSH Skincare Combo Of Vitamin C Refill 200 ml Face Wa...,734,760,2 Items in the set,20% off,4.1,52
"Globus Naturals Lavender Body Lotion , Soap & Body Wash...",558,299,4 Items in the set,74% off,4.2,"6,728"
"GlowBella Facewash For Skin Smoothing , Whitening ,Deep...",239,"1,047",200 g,69% off,3.6,124
Aqualogica Radiance+ Cleanse & Protect Combo (Face Wash...,272,499,2 Items in the set,48% off,4.3,289
Chemist at Play Oil & Acne Control  - Removes Blackhead...,150,425,100 ml,30% off,4.6,"1,684"
Dr. Alies Professional Vitamin C Face Serum with Vitami...,220,750,2 Items in the set,18% off,4.2,5
ELIBLISS Vitamin C Face Serum and Activated Charcoal Fa...,525,420,2 Items in the set,70% off,4.3,"1,070"
GLAMVEDA Rice & Ceramide Korean Glass Skin Combo ( Face...,342,999,2 Items in the set,16% off,4.4,45
"Pilgrim Jeju Skin Refining Combo| Deep Cleansing, Boost...",295,560,2 Items in the set,20% off,4.1,86
Simple Refreshing Facial Wash 150 ml Face Wash,466,"1,445",150 ml,35% off,4.3,11
saturn by ghc Anti-Aging Serum With Retinol & Derma Rol...,"1,156","1,499",2 Items in the set,7% off,3.7,23
Shahnaz Husain Beauty Balm Plus Anti-Wrinkle Cream,974,849,40 g,19% off,3.8,5
mCaffeine Moment Gift Set | For Women & Men - Skin Care...,789,798,5 Items in the set,42% off,4.3,"43,936"
Foxtale Glow Getter Hydrating & Brightening Skincare Gi...,639,999,5 Items in the set,72% off,4.3,"2,82,797"
The Face Shop Rice & Ceramide Moisturizing Skincare Set...,571,899,78 ml,62% off,4.3,62
SkinInspired Basics Face care Combo- Creme Facewash +Ca...,245,849,2 Items in the set,15% off,4.6,298
"vellasio Vitamin C Face Serum - Skin Brightening, Anti-...",321,398,1 Items in the set,60% off,4.8,61
Globus Naturals Lavender Body Lotion & Body Wash Skinca...,338,525,3 Items in the set,13% off,4.1,"9,462"
GLAMVEDA Glutathione Brightening & Dark Spots Removal 2...,210,699,2 Items in the set,12% off,3.7,"1,417"
Makindu cosmetics skin combo(Brightening Vitamin C Face...,608,429,2 Items in the set,6% off,4.4,221
Maarble Organics Ayurvedic Skin Treatment Face Combo (G...,377,"1,115",2 Items in the set,33% off,3.9,"9,297"
Herbs and Pure Vitamin C Face Wash For Tan Removal and ...,"1,037",411,2 Items in the set,54% off,4.3,"19,318"
Cetaphil Oily Skin Cleanser Face Wash,299,"4,180",125 ml,5% off,4.3,32
"Cetaphil Gentle Skin Cleanser With Mild, Non Irritating...",275,349,125 ml,16% off,4.3,"1,210"
O3+ Vitamin C Face Wash for Glowing Skin 60g & Vitamin-...,"1,899",125,2 Items in the set,2% off,4.3,295
Hydra Boost Facial Kit | Ultra-Hydrating & Brightening ...,329,350,55 g,87% off,4.2,127
ARISH BIO-NATURAL Green Tea Anti Oxidant Serum,105,465,30 ml,28% off,4.3,"35,339"
WILDGLOW Overnight Collagen Korean Skincare Face Mask f...,340,"1,596",136 g,16% off,4.2,"6,897"
Chemist at Play Vitamin C Neck Knee Elbow Brightening R...,464,508,40 ml,18% off,4.7,447
HipHop Skincare Charcoal Nose Strips (Women) - Blackhea...,205,999,9 g,5% off,4.1,"10,020"
GLAMVEDA Bridal Facial Kit ( Pack of 2 ) for Glow & Rad...,364,695,2 x 40 g,15% off,4.4,"49,448"
THE QUINN Rose petal powder foaming face cleanser,838,250,60 g,56% off,4.3,"3,265"
"Phillauri Complete Skin Care Cleanse, Tone, Exfoliate, ...",569,449,4 Items in the set,24% off,4.6,63
"mCaffeine Coffee Body & Face , Remove Tan, Dead Skin, B...",237,435,130 g,20% off,4.6,143
noor care india Instant Glow Face Cream,379,458,50 g,57% off,4.3,11
Oshea Herbals Phytonight Multipurpose Night cream,191,249,50 g,8% off,4.2,"17,268"
"IMC Aloe  With Haldi Chandan | Prevents Acne, Pimples, ...",345,349,100 g,15% off,4.7,24
"Naturali Radiant Glow Gel Moisturiser with Pea, Quinoa ...",199,399,50 ml,28% off,4,94
BOROPLUS Soft Ayurvedic Antiseptic Cream|Light & Non-st...,149,449,300 ml,15% off,4.4,279
"mCaffeine Coffee Face Wash & Scrub Combo, Reduces Acne ...",367,540,150 g,16% off,4.3,"67,393"
Chemist at Play Gentle & Soothing  | 100% Soap Free Fac...,380,"1,306",75 ml,72% off,4.3,"12,701"
Tulsi Naturals 100% Pure & Organic Multani Mitti Powder...,385,599,100 g,35% off,4.1,16
deconstruct Sunscreen - SPF SPF 50+ PA++++ Fluid Bright...,"1,098",899,50 g,87% off,4.2,"29,633"
mCaffeine Exfoliating Coffee body scrub for Men & Women...,500,350,100 g,52% off,4.1,"4,897"
Vaseline Healthy Bright Daily Brightening Body Lotion,245,"1,799",400 ml,49% off,4,"1,390"
"mCaffeine Coffee Glam Body Gift kit | Birthday, Anniver...",227,"1,199",4 Items in the set,14% off,4.2,"71,393"
mCaffeine Cover me in Stardust Shimmer Gift Kit,225,"2,300",2 Items in the set,21% off,4.1,"79,183"
Globus Naturals Lavender Body Lotion & Body Wash Skinca...,569,530,3 Items in the set,37% off,4.4,653
BEARDO Ultraglow Face Wash,"2,299",349,100 ml,15% off,4.3,"43,936"
aaditv Medi-cube Facial Mask Dullness Hydrolyzed Collag...,270,"1,100",75 ml,13% off,4.3,"2,82,797"
GLAMVEDA Glass Skin Rice & Ceramide 3 Step Daily Skinca...,299,325,3 Items in the set,8% off,4.4,"2,900"
"Neutriderm Skincare Combo, Vitamin-E Moisturiser 125ml ...",863,275,2 Items in the set,38% off,4.2,440
"BIOTIQUE Fruit Brightening |Brightens & Soften Skin, 10...",204,899,400 ml,13% off,4.3,445
Chemist at Play Gentle Exfoliating Face Scrub - Removes...,233,225,100 ml,16% off,4.3,35
"Vedic Line Diamond Tejas Monodose Facial Kit, Helps To ...",774,275,4 x 49 ml,13% off,3.9,"9,297"
Lakmé 9 to 5 Vitamin C+ Serum,207,349,15 ml,12% off,4.3,"19,318"
OZONE D-Tan Face Scrub 100 G - For Tan Removal. Helps R...,170,260,100 g,13% off,4.4,68
Perenne Hydration Booster Gel Toner,303,699,100 ml,19% off,4.3,"35,339"
alite Anti-Acne Gel with Salicylic Acid Neem & Niacinam...,217,429,15 g,15% off,4.2,"6,897"
BIOTIQUE Youth Anti-Ageing Serum|Men & Women|Reduces Fi...,608,299,40 ml,87% off,4.1,74
Mamaearth Illuminate Face Serum for Radiant Skin with V...,377,330,15 ml,28% off,3.9,409
"GREENLEAF Pure Aloe Vera Skin Gel,Ayurvedic,Soothing Ge...",259,399,240 g,20% off,4.6,16
Cetaphil Oily Skin Cleanser Face Wash,267,"1,596",125 ml,35% off,4.1,158
"Cetaphil Gentle Skin Cleanser With Mild, Non Irritating...",339,508,125 ml,56% off,4.1,"10,020"
Chemist at Play Gentle & Hydrating  for Dull & Dry Skin...,175,396,100 ml,24% off,4.7,24
Glutaday FACE WASH 75 ML Glutathion Whitening and Moist...,205,847,75 g,4% off,4.3,7
Lakmé Illuminate NightCream with Glycolic Acid& 1%Niaci...,364,435,15 g,78% off,4.3,7
Opal Herbal Cleansing Milk 500ml Face Wash,316,458,500 ml,57% off,4.4,"49,448"
"Phillauri Complete Skin Care Cleanse, Tone, Exfoliate, ...",550,"1,295",4 Items in the set,44% off,4.2,"17,268"
"mCaffeine Coffee Body & Face , Remove Tan, Dead Skin, B...",191,"1,019",130 g,8% off,2.8,4
"DR.RASHEL Gold Mini Jars Combo (Scrub, Gel, Cream, Face...",345,"1,099",4 Items in the set,87% off,4.4,177
Iba Ubtan Essentials Skin Care Regime Combo for Glowing...,"1,231",444,3 Items in the set,14% off,4.1,425
BOROPLUS Soft Ayurvedic Antiseptic Cream|Light & Non-st...,219,399,300 ml,74% off,4.7,447
"mCaffeine Coffee Face Wash & Scrub Combo, Reduces Acne ...",463,"1,799",150 g,15% off,4.3,"67,393"
O3+ Vitamin C Glowing Skin Face Wash 60g & Vitamin-C Se...,245,275,2 Items in the set,35% off,4.2,353
Qraa Acne Therapy set( Acne Clearing Face Wash 100gm + ...,367,930,3 Items in the set,57% off,4.3,"52,382"
RIVONA NATURALS Pamper Yourself with Ultimate Aloevera ...,225,449,4 Items in the set,49% off,4.3,"12,701"
Evani Neem & Lime Fairness Cream Combo Pack of 12 (40g ...,236,350,480 g,74% off,4.3,197
deconstruct Sunscreen - SPF SPF 50+ PA++++ Fluid Bright...,234,999,50 g,20% off,4.6,"1,902"
aaditv Medi-cube Facial Mask Dullness Hydrolyzed Collag...,380,450,75 ml,49% off,4.7,13
Shrikaya D-Tan Facial Kit - 5 Step Skincare System & 2p...,227,"5,000",80 g,11% off,4.6,215
Avimee Herbal Sunehri Pure Marigold Water | For Acne Pr...,422,249,220 ml,49% off,3.6,31
mCaffeine Exfoliating Coffee body scrub for Men & Women...,250,530,100 g,14% off,4.8,65
BEARDO Ultraglow Face Wash,229,250,100 ml,62% off,4.2,"24,378"
Loyalmart Skincare Facial Hair Removal Battery Operated...,"1,284",540,1 Strips,13% off,4,82
GATSBY Japan Cooling Clear Whitening - Contains Papaya ...,199,349,100 g,30% off,4.6,604
GLAMVEDA Glass Skin Rice & Ceramide Moisturizer Skin Ba...,270,"1,694",50 g,8% off,4.2,"1,41,746"
Dr.Althea 147 Barrier Cream,222,445,50 ml,1% off,4.3,"43,936"
Chemist at Play Gentle & Soothing  | 100% Soap Free Fac...,275,"2,500",75 ml,19% off,4.1,8
"BIOTIQUE Fruit Brightening |Brightens & Soften Skin, 10...",299,"1,136",400 ml,22% off,4.7,22
DR.RASHEL Korean Glass Skin Essence Gel | Infused with ...,628,849,380 ml,25% off,4.3,55
BIOTIQUE Papaya Deep Cleanse  For Glowing Skin| All Ski...,385,499,300 ml,5% off,4.3,"2,82,797"
Chemist at Play Gentle Exfoliating Face Scrub - Removes...,"1,750",295,100 ml,10% off,3.9,"9,297"
GLAMVEDA Korean Glass Skin Rice & Ceramide 4 Step Daily...,"1,038","2,064",4 Items in the set,13% off,4.3,"13,693"
Pilgrim Spanish Squalane & Niacinamide GLOW BODY LOTION...,838,"1,006",400 ml,32% off,4.4,"4,651"
Pilgrim Squalane Good Night Ritual Premium Skincare Gif...,401,349,6 Items in the set,21% off,4.2,"3,598"
"mCaffeine Couples Coffee Skincare | Set - Face Wash, Sc...",230,699,4 Items in the set,77% off,4.3,"19,318"
Nature Derma Radiant Glow Starter Kit: Skincare Solutio...,"1,548",699,4 Items in the set,12% off,4.8,272
ThriveCo Pore-Minimizing Ultimate Toner For Hydrating F...,955,175,100 ml,87% off,4.2,"3,899"
LOTUS White Glow Insta Glow Fairnes Facial Kit,314,999,40 g,37% off,4.1,228
Foxtale All The Glow You Need Gift Box Daily Skincare c...,608,429,4 Items in the set,30% off,4.3,208
mCaffeine Milky Coffee Brew Gift Set|With 4 Signature P...,469,"1,596",4 Items in the set,76% off,4.2,"6,897"
deconstruct Sunscreen - SPF 55+ PA+++ Lightweight Gel S...,138,225,50 g,28% off,4.3,"35,339"
Cetaphil Oily Skin Cleanser Face Wash,224,540,125 ml,33% off,4.6,5
Velvetree Hydro Jelly Facial Kit Very Berry with Berrie...,190,499,165 g,9% off,4,25
VICCO Turmeric WSO Cream: Ayurvedic Skin Care for Dark ...,377,508,60 g,45% off,4.7,24
GABBU Skincare Charcoal Nose Strips Men Blackhead Remov...,205,535,10 g,30% off,4.1,"10,020"
HERBS & MORE Anti Pollution  | Green Tea | Pollustop | ...,140,249,100 g,24% off,4.8,4
"Cetaphil Gentle Skin Cleanser With Mild, Non Irritating...",373,499,125 ml,56% off,4,206
"Phillauri Complete Skin Care Cleanse, Tone, Exfoliate, ...",116,900,4 Items in the set,6% off,4.6,11
BIOTIQUE Pineapple Oil Control Foaming | Eliminates Exc...,364,458,150 ml,70% off,4.4,83
Vaseline Aloe Fresh Body Serum Lotion with Aloe Vera Ex...,358,435,400 ml,87% off,4.1,"9,462"
Etszaz Silicone Ice Roller | Ice Pouch | Skin Natural G...,226,708,100 ml,8% off,3.7,"1,417"
"mCaffeine Coffee Body & Face , Remove Tan, Dead Skin, B...",274,"1,647",130 g,6% off,4.4,193
White Wolf Anti Acne & Spot Reduction For Men Reduce Pi...,630,"1,799",100 ml,54% off,3.9,"13,499"
GARNIER Bright Complete Vitamin C Gel Gentle Cleanser |...,345,399,100 g,20% off,4.2,"17,268"
deconstruct Detan Sunscreen Body Lotion | For Reducing ...,191,"1,384",90 g,57% off,4.4,"49,448"
Pilgrim u Night Skincare Retinol,664,500,1 Items in the set,5% off,4.4,"5,651"
"mCaffeine Coffee Face Wash & Scrub Combo, Reduces Acne ...",492,"1,195",150 g,16% off,4,34
BOROPLUS Soft Ayurvedic Antiseptic Cream|Light & Non-st...,225,"1,500",300 ml,5% off,4.3,"4,674"
Oxylife Natural Radiance 5 Creme Bleach 310g & Pro Radi...,367,349,2 Items in the set,49% off,3.9,12
Pandanus Vitamin C Skincare Regimen Kit(Face Serum + Fa...,"1,288",125,3 Items in the set,35% off,4.7,447
aaditv Medi-cube Facial Mask Dullness Hydrolyzed Collag...,226,235,75 ml,15% off,4.3,"67,393"
deconstruct Sunscreen - SPF SPF 50+ PA++++ Fluid Bright...,956,749,50 g,60% off,4.4,15
O3+ Radiance Skincare Combo With Facial Kit for Radiant...,640,350,2 Items in the set,47% off,4.2,157
NutriGlow Luxury Skincare Kashmiri Saffron Moisturizer ...,329,449,2 Items in the set,40% off,4.2,"1,41,746"
Jovees Herbal Vitamin C & Hyaluronic Acid Glow & Radian...,105,745,215 g,20% off,4.3,"43,936"
RHINEO HERBALS Glutathione Facial Kit With Mulberry & A...,223,390,250 g,49% off,4.3,155
Chemist at Play Vitamin C Neck Knee Elbow Brightening R...,376,499,40 ml,23% off,4.5,56
HipHop Skincare Charcoal Nose Strips (Women) - Blackhea...,227,249,9 g,42% off,4,33
IMC Herbal Aloe Gel | Helps To Treat Acne & Dull Skin |...,380,530,100 g,10% off,4.3,"2,82,797"
Dr. Alies Professional 15% Vitamin C Face Serum,298,249,30 ml,13% off,3.9,"9,297"
BEARDO Ultraglow Face Wash,275,"1,045",100 ml,19% off,4,439
mCaffeine Exfoliating Coffee body scrub for Men & Women...,206,349,100 g,25% off,4.6,22
BOROPLUS Soft Ayurvedic Antiseptic Cream 200ml + Doodh ...,297,699,600 ml,29% off,4.2,"3,598"
"Opal Herbal Cleansing Milk– Deep Pore Cleansing, Nouris...",199,"1,225",1000 ml,9% off,4.3,"19,318"
BIOTIQUE Fresh Neem Pimple Control  Prevents Pimples|Al...,270,"3,275",300 ml,12% off,4.2,"42,446"
Kanchan Kaya Face Fairness Cream Pack of - 20g x 1,190,"1,197",20 g,87% off,3.7,183
Chemist at Play Gentle & Soothing  | 100% Soap Free Fac...,599,"1,525",75 ml,65% off,3.5,202
"BIOTIQUE Fruit Brightening |Brightens & Soften Skin, 10...",314,429,400 ml,76% off,4,343
ZORDAN Skin Glow Cream Brightening Face Moisturizer Cre...,608,"1,596",100 g,28% off,4.2,"6,897"
WILDGLOW Turmeric & Kojic Acid Face Cleansing Pads for ...,989,399,34 g,37% off,4.3,"35,339"
deconstruct Sunscreen - SPF 55+ PA+++ Lightweight Gel S...,"2,456",499,50 g,29% off,4.3,190
Cetaphil Oily Skin Cleanser Face Wash,838,508,125 ml,70% off,4.2,825
"BEARDO BOF Skin Pro Kit | Ultraglow Face Wash, Ultraglo...","1,384",299,3 Items in the set,82% off,4.7,24
SEREKO Daily Skincare AM Routine Essentials Combo Face ...,377,690,4 Items in the set,24% off,4.1,"10,020"
mCaffeine Pollution & Sun Protection SPF 50++ Coffee Ki...,205,"1,999",3 Items in the set,56% off,4.2,44
"The Plant Fix Plix Gift Box for Women & Men, Guava Skin...",137,699,3 Items in the set,39% off,4.4,37
"Cetaphil Gentle Skin Cleanser With Mild, Non Irritating...","2,500",458,125 ml,10% off,4.4,"1,930"
"Phillauri Complete Skin Care Cleanse, Tone, Exfoliate, ...",116,435,4 Items in the set,87% off,4.4,"49,448"
Top Quality Store Kumkumadi Face Glowing Oil for Natura...,364,349,30 ml,8% off,4.2,"17,268"
innisfree Perfect 9 Intensive skin Men & Women,187,230,200 ml,77% off,4.2,88
Etszaz Silicone Ice Roller | Ice Pouch | Skin Natural G...,486,"1,799",100 ml,11% off,4.7,447
"mCaffeine Coffee Body & Face , Remove Tan, Dead Skin, B...",589,399,130 g,15% off,4.3,"67,393"
Indus Valley Bio Organic Sandalwood Powder (Chandan pow...,120,598,200 g,58% off,4,92
Canixa Tyrodin Face serum Sportness & Glowing skin,345,449,30 ml,15% off,4.4,"5,020"
"AXIS-Y Dark Spot Correcting Glow Serum Skincare, Dark S...",191,737,50 ml,35% off,4.2,"1,614"
KSMA Yellow Beeswax for Cosmetic Purpose,212,489,200 g,74% off,4.3,"12,701"
"mCaffeine Coffee Face Wash & Scrub Combo, Reduces Acne ...",205,449,150 g,26% off,4.3,197
BOROPLUS Soft Ayurvedic Antiseptic Cream|Light & Non-st...,225,350,300 ml,20% off,4.3,"43,936"
FACES CANADA Pink Aloe Vera Ultra Hydrating | Non-dryin...,367,399,100 g,49% off,4.3,"2,82,797"
Ayur Herbal Massage Cream With Aloe Vera,137,300,200 ml,75% off,4.2,529
aaditv Medi-cube Facial Mask Dullness Hydrolyzed Collag...,399,249,75 ml,55% off,4.1,562
deconstruct Sunscreen - SPF SPF 50+ PA++++ Fluid Bright...,626,530,50 g,5% off,4.2,"28,207"
"Latibule Cream For Face & Body, Worlds No.1 Skincare Br...",202,999,100 g,49% off,3.9,131
Chemist at Play Intensely Hydrating Face Moisturizer | ...,380,499,100 g,14% off,3.9,"9,297"
mCaffeine Summer essential Skincare Kit for Exfoliation...,227,191,3 Items in the set,62% off,4.3,"19,318"
Fem GOLD CREME BLEACH 2 PC EACH 40 G AND ACTIVATED CHAR...,102,255,2 Items in the set,73% off,4.2,"6,897"
mCaffeine Exfoliating Coffee body scrub for Men & Women...,222,349,100 g,14% off,4.3,"35,339"
BEARDO Ultraglow Face Wash,199,"1,694",100 ml,13% off,4.6,31
J & F Skincare Set for All Skin Types | Papaya Face Was...,270,999,1 Items in the set,12% off,4.1,"23,560"
Herbs and Pure Skincare Combo of 2- 24K Gold & Niacinam...,247,"1,325",2 Items in the set,89% off,4.1,"10,020"
Chemist at Play Gentle & Soothing  | 100% Soap Free Fac...,220,699,75 ml,60% off,4.4,"49,448"
"BIOTIQUE Fruit Brightening |Brightens & Soften Skin, 10...",181,429,400 ml,30% off,4.2,"17,268"
"Piru Derma Roller 0.5mm For Hair Growth,& Black Hair Sc...",128,600,2 Items in the set,77% off,4.7,447
Bee Venom Tag Recede Skin Tag & Tan Removal Mist for Da...,299,700,100 ml,87% off,3.8,5
The Soumi's Can Product ACTIVE FACE PACK (FOR SENSITIVE...,628,499,150 g,28% off,4.4,"63,093"
Biofresh Pure Herbal Rose & Mint Skin Toner Men & Women,269,499,300 ml,48% off,4.1,"9,462"
Chemist at Play Gentle Exfoliating Face Scrub - Removes...,"1,128","1,596",100 ml,27% off,3.7,"1,417"
GLAMVEDA Korean Glass Skin Rice & Ceramide 4 Step Daily...,608,508,4 Items in the set,24% off,4.1,"19,811"
Latixmat Blackhead Remover Peel Off Mask Nose Sticker S...,377,799,10 Strips,56% off,4.7,24
XYST All Day Hydration Skincare Kit for Men & Women | W...,61,"1,247",4 Items in the set,15% off,4.3,"67,393"
Cetaphil Oily Skin Cleanser Face Wash,280,458,125 ml,68% off,3,3
"Cetaphil Gentle Skin Cleanser With Mild, Non Irritating...",349,435,125 ml,30% off,4.3,"12,701"
ANI'S Premium Quality Rose Water (Gulab Jal) With Multa...,114,798,2 Items in the set,27% off,4.3,197
GLAMVEDA Rice & Ceramide Korean Glass Skin Moisturizer ...,205,598,2 Items in the set,8% off,4.2,"1,603"
POND's Bright Beauty serum - Corrects Dark spots & Pigm...,364,"1,450",28 ml,15% off,4.2,"1,41,746"
ELIBLISS The Secret to Perfect Skin: Vitamin C Gel Face...,411,900,2 Items in the set,60% off,4.3,"43,936"
"Phillauri Complete Skin Care Cleanse, Tone, Exfoliate, ...",900,399,4 Items in the set,60% off,3.9,374
"mCaffeine Coffee Body & Face , Remove Tan, Dead Skin, B...",345,449,130 g,35% off,4.3,"2,82,797"
"Vanvati Istant Glowin, Younger Looking & Dry Cure Powde...",191,698,150 g,20% off,3.9,"9,297"
"TNW - The Natural Wash Vitamin C Exfoliating Face Wash,...",678,699,3 Items in the set,16% off,3.1,9
"mCaffeine Coffee Face Wash & Scrub Combo, Reduces Acne ...",186,350,150 g,60% off,4.2,"3,598"
BOROPLUS Soft Ayurvedic Antiseptic Cream|Light & Non-st...,"1,015",249,300 ml,38% off,4.3,"19,318"
kaina skincare Ubtan Combo Set of 2 | Body Lotion 200 m...,650,"5,399",2 Items in the set,5% off,3.6,24
Phillauri Coffee Skin Care Combo For Deeply Cleanses & ...,367,798,3 Items in the set,16% off,4,"1,280"
Pilgrim Squalane Sunrise Skincare Gift Pack Combo Set f...,380,525,4 Items in the set,75% off,4.3,"35,339"
The Plant Fix Plix Jamun Face Wash and Active Acne Seru...,279,350,2 Items in the set,28% off,4.2,"6,897"
deconstruct Sunscreen - SPF SPF 50+ PA++++ Fluid Bright...,279,349,50 g,87% off,4.1,"3,284"
mCaffeine Exfoliating Coffee body scrub for Men & Women...,227,125,100 g,49% off,4.1,"10,020"
Bejoy 100% Pure & Natural Aloe Vera Face Wash & Aloe Ve...,199,798,2 Items in the set,24% off,4.7,24
Vanvati Dry Skin Cure & Glow & Fairness Powder Combo Fo...,"5,397","1,497",100 g,30% off,4.2,5
BEARDO Ultraglow Face Wash,665,"1,799",100 ml,68% off,3.7,"7,697"
Chemist at Play Gentle & Soothing  | 100% Soap Free Fac...,210,530,75 ml,72% off,4.3,185
Sally's soul therapy Timeless Skin Foaming Face Wash 10...,217,"1,243",4 Items in the set,14% off,4.3,"4,530"
kaina skincare Ubtan Combo Set of 2 | Body Gel 100 g & ...,329,"1,550",2 Items in the set,62% off,4.4,"49,448"
Herbs and Pure Vitamin C Face Wash For Tan Removal and ...,105,800,2 Items in the set,19% off,4.7,447
Everyuth Naturals Set Of 2 Exfoliating Walnut Scrub To ...,195,598,200 g,10% off,4.2,"17,268"
Chemist at Play Vitamin C Neck Knee Elbow Brightening R...,"1,071",349,40 ml,13% off,4.3,"67,393"
HipHop Skincare Charcoal Nose Strips (Women) - Blackhea...,225,"1,694",9 g,26% off,4.3,501
"KAYAYURVEDA 100% Pure Aloe Vera Gel for glowing Face, S...",270,250,600 ml,49% off,4.1,"4,464"
PROVALO Skincare All-Rounder Gift Set – For Men (Dry & ...,944,349,3 Items in the set,69% off,4.2,862
aaditv Medi-cube Facial Mask Dullness Hydrolyzed Collag...,"1,085",699,75 ml,52% off,4.3,"12,701"
"BIOTIQUE Fruit Brightening |Brightens & Soften Skin, 10...",250,798,400 ml,12% off,4.3,197
Ayouthveda PERSONAL CARE COMBO (7),167,799,4 Items in the set,87% off,4.3,"43,936"
Pilgrim Squalane Good Night Ritual Combo Gift Set For W...,299,"1,547",4 Items in the set,30% off,4.3,"2,82,797"
Ooplore Now Your Sister Will Look Brighter,628,799,2 Items in the set,37% off,4.4,324
Phillauri Coffee Skin Care Combo For Natural Glowing Ta...,"1,400",429,3 Items in the set,76% off,4.1,"9,462"
Chemist at Play Gentle Exfoliating Face Scrub - Removes...,201,"1,596",100 ml,28% off,3.7,"1,417"
GLAMVEDA Korean Glass Skin Rice & Ceramide 4 Step Daily...,314,"1,390",4 Items in the set,82% off,4,27
HOLD ON Organic EGF skin regeneration serum 100 ml + Ro...,608,350,2 Items in the set,45% off,3.9,"9,297"
WishCare Premium Cold Pressed Castor Oil For Glowing Ha...,589,499,200 ml,55% off,4.3,"19,318"
deconstruct Sunscreen - SPF 55+ PA+++ Lightweight Gel S...,400,508,50 g,56% off,4.2,9
Cetaphil Oily Skin Cleanser Face Wash,467,897,125 ml,24% off,3.8,280
TNW - The Natural Wash Coffee Coconut Scrub and Avocado...,380,"1,748",2 Items in the set,25% off,4.3,"35,339"
"Vanvati Younger Looking &, Dry Skin & Glow Fairness Pow...",377,896,150 g,74% off,4.2,"6,897"
saturn by ghc (120ml) Face Toner (150ml) Anti Ageing Se...,205,435,3 Items in the set,8% off,4.3,64
Vanvati Moisture & Istant Glowin & Dry skin cure Powder...,973,458,150 g,87% off,4.4,66
"Cetaphil Gentle Skin Cleanser With Mild, Non Irritating...",219,"3,415",125 ml,24% off,4.4,"49,448"
"Phillauri Complete Skin Care Cleanse, Tone, Exfoliate, ...",116,399,4 Items in the set,88% off,4.1,"10,020"
Pilgrim At-Home Face Therapy for Smoothening & Brighten...,364,399,3 Items in the set,9% off,3.7,27
"Mexico Control Dryness, Hyperpigmentation, Blemishes & ...",156,"1,799",110 g,53% off,4.2,128
Etszaz Silicone Ice Roller | Ice Pouch | Skin Natural G...,961,597,100 ml,15% off,4.7,24
"mCaffeine Coffee Body & Face , Remove Tan, Dead Skin, B...",398,"1,194",130 g,20% off,4.2,"17,268"
Phillauri Bright & Glow Kit- Ubtan (Facewash + Scrub + ...,191,"1,375",3 Items in the set,60% off,4.3,4
Dr Batra's Age Defying Skin Firming Serum,345,"1,213",4 Items in the set,45% off,4.7,447
The Nile Vitamin C Foaming Face Wash with Built-In Face...,"2,555",449,2 Items in the set,35% off,4.3,"67,393"
PERSONAL TOUCH SKINCARE HYDRATING & GLOW KIT-MATT/OILY ...,103,249,5 Items in the set,49% off,4.4,7
BOROPLUS Soft Ayurvedic Antiseptic Cream|Light & Non-st...,367,"1,000",300 ml,60% off,4.3,"12,701"
"mCaffeine Coffee Face Wash & Scrub Combo, Reduces Acne ...",225,"1,800",150 g,12% off,4.3,197
TNW - The Natural Wash Night Care Regime Gift Hamper fo...,452,350,6 Items in the set,27% off,4.3,3
KAYAYURVEDA Pure Vera Gel - Skin & Younger Looking,137,530,300 ml,14% off,4.2,"16,353"
deconstruct Sunscreen - SPF SPF 50+ PA++++ Fluid Bright...,"1,251",699,50 g,62% off,3.9,"9,297"
aaditv Medi-cube Facial Mask Dullness Hydrolyzed Collag...,569,"1,547",75 ml,82% off,4.2,"3,598"
Ayouthveda aloe vera face care kit,380,"1,375",3 Items in the set,5% off,4.3,"35,339"
ELIBLISS Vitamin C Radiance Combo,199,349,2 Items in the set,13% off,4.7,447
The Plant Fix Plix Jamun Skin Care Gift Box for Reducin...,398,"1,694",3 Items in the set,12% off,4.2,"17,268"
Joy Vitamin C Complete Summer Face Care Routine | Face ...,990,"1,097",4 Items in the set,12% off,4.2,9
mCaffeine Exfoliating Coffee body scrub for Men & Women...,227,500,100 g,18% off,3.8,280
Chemist at Play Gentle & Soothing  | 100% Soap Free Fac...,270,699,75 ml,56% off,3.8,182
The Nile Brightening Vitamin C Foaming with Built-In Fa...,279,429,2 Items in the set,38% off,4.3,"67,393"
NEOLITH Anti Ageing Exfoliating Kit [Skin Polishing Scr...,"1,361","1,547",2 Items in the set,5% off,4.7,24
BEARDO Ultraglow Face Wash,998,"1,650",100 ml,16% off,4,5
"BIOTIQUE Fruit Brightening |Brightens & Soften Skin, 10...",558,"1,979",400 ml,61% off,4.3,"12,701"
Vanvati Dry Skin Cure & Glow & Shine Skin Powder Combo ...,299,"1,000",100 g,51% off,4.3,197
HYPHEN Daily Face Care Combo - Normal to Dry Skin | Ser...,628,349,3 Items in the set,87% off,3.8,22
The Plant Fix Plix Jamun active acne serum 30ml Jamun f...,193,125,3 Items in the set,28% off,4.1,"4,897"
Aqualogica Radiance+ Cleanse & Protect Combo (Face Wash...,471,349,2 Items in the set,87% off,4.4,"1,930"
Chemist at Play Gentle Exfoliating Face Scrub - Removes...,608,"1,394",100 ml,60% off,3.7,27
GLAMVEDA Korean Glass Skin Rice & Ceramide 4 Step Daily...,377,"1,596",4 Items in the set,69% off,4.1,"24,593"
Phillauri Skin Care Combo Normal To Dry Skin Serum Skin...,"1,360",508,3 Items in the set,68% off,3.7,"2,454"
Avani Skincare Homemade & Hand Crafted With Natural Fac...,"1,353",598,2 Items in the set,56% off,4.3,"1,944"
Cetaphil Oily Skin Cleanser Face Wash,854,"1,697",125 ml,24% off,4.3,4
"Cetaphil Gentle Skin Cleanser With Mild, Non Irritating...",619,"2,599",125 ml,29% off,4.5,"1,350"
HYPHEN Daily Face Care Combo - Oily & Combination Skin ...,329,598,3 Items in the set,57% off,4.2,650
XYST Anti-Aging Kit - Reduces Wrinkles & Boosts Collage...,105,435,4 Items in the set,15% off,4.4,7
CO Luxury Glutathione Trio Pack | Skin Brightening & Wh...,135,458,3 Items in the set,8% off,4.3,"43,936"
"The Nile Apple Cider Vinegar Foaming - No Parabens, Sil...",681,"1,048",2 Items in the set,49% off,4.3,"2,82,797"
Chemist at Play Vitamin C Neck Knee Elbow Brightening R...,205,500,40 ml,45% off,4.2,51
HipHop Skincare Charcoal Nose Strips (Women) - Blackhea...,364,449,9 g,28% off,3.9,49
"Globus Naturals Lavender Bliss Body Lotion, Enriched wi...",75,399,200 ml,79% off,3.9,"9,297"
CO Luxury Anti Acne Face Care Combo of Niacinamide Face...,668,799,2 Items in the set,87% off,4.3,"19,318"
"Phillauri Complete Skin Care Cleanse, Tone, Exfoliate, ...",782,"1,948",4 Items in the set,35% off,4.2,29
"mCaffeine Coffee Body & Face , Remove Tan, Dead Skin, B...",186,"1,800",130 g,52% off,4.2,"6,897"
Phillauri Charcoal Facewash For Anti-Pollution,191,897,2 Items in the set,73% off,4.3,"35,339"
saturn by ghc Foaming Face Wash (120ml) Face Toner (150...,345,"1,799",3 Items in the set,20% off,3.2,6
Globus Naturals Oil Control Glycolic Glow Infusion Gift...,738,350,6 Items in the set,49% off,4.4,"13,081"
Phillauri Coffee Skin Care Combo For Tan Removal And Sk...,212,"1,997",3 Items in the set,60% off,4.1,"10,020"
BOROPLUS Soft Ayurvedic Antiseptic Cream|Light & Non-st...,380,"1,100",300 ml,60% off,4.4,"49,448"
"mCaffeine Coffee Face Wash & Scrub Combo, Reduces Acne ...",367,249,150 g,66% off,4.2,"17,268"
TNW - The Natural Wash Vitamin C Exfoliating Face Wash ...,400,530,2 Items in the set,77% off,4.7,24
Herbs and Pure Combo of Vitamin C Face Wash & Face Seru...,"1,071",699,2 Items in the set,14% off,4.7,6
mCaffeine Exfoliating Coffee body scrub for Men & Women...,"1,291",399,100 g,62% off,4.3,"67,393"
deconstruct Sunscreen - SPF SPF 50+ PA++++ Fluid Bright...,180,"1,400",50 g,49% off,4.3,"12,701"
"Vanvati Glowing, Skin Whitening & Dry skin cure Powder ...",225,897,150 g,43% off,4.3,197
"Dr Batra's Age Defying Skin Firming Serum - 50 G, Face ...",227,349,4 Items in the set,8% off,4.8,65
"The Plant Fix Plix Jamun Skincare Combo, Cleanser, Body...",943,"1,694",3 Items in the set,87% off,4.2,"24,378"
Phillauri Ubtan Skin Care Combo For Natural Glowing Bea...,294,"2,500",3 Items in the set,70% off,4.2,"39,602"
aaditv Medi-cube Facial Mask Dullness Hydrolyzed Collag...,199,699,75 ml,67% off,4.1,"9,462"
BEARDO Ultraglow Face Wash,270,349,100 ml,38% off,4.3,"43,936"
Vandyke Oily Skincare Kit (Cleanse+Treat+Moisturize) Ma...,279,"1,596",3 Items in the set,76% off,4.2,"3,838"
The Nile Professional Vitamin C Face Serum For Spotless...,158,799,2 Items in the set,56% off,4.1,452
Chemist at Play Gentle & Soothing  | 100% Soap Free Fac...,463,799,75 ml,56% off,4.3,"2,82,797"
"BIOTIQUE Fruit Brightening |Brightens & Soften Skin, 10...",201,"1,000",400 ml,51% off,3.9,"9,297"
Vanvati Istant & Fairness & Glow & Shine Skin Powder Co...,299,499,100 g,20% off,4.3,49
Beauty Glazed Skin Perfecting Face Wash With Niacinamid...,628,435,2 Items in the set,35% off,4.2,"3,480"
"The Nile B3- Skin Clearing Serum - Brightening, Anti-Ag...","1,263","1,979",2 Items in the set,87% off,4.3,"19,318"
Phillauri Ubtan Skin Care Combo For r Natural Glowing T...,398,"1,394",3 Items in the set,69% off,4.3,"35,339"
Chemist at Play Gentle Exfoliating Face Scrub - Removes...,321,249,100 ml,60% off,4,82
GLAMVEDA Korean Glass Skin Rice & Ceramide 4 Step Daily...,205,350,4 Items in the set,75% off,4.2,"6,897"
Inveda Advance Acne Treatment Kit For Teenagers | 5 Ste...,239,598,5 Items in the set,49% off,4.1,"10,020"
voorkoms Acne Scars Cure & Herbal Bath Combo Face Skin ...,574,"1,494",100 g,87% off,4.7,24
"deconstruct Oil-Free Moisturizer | Non Sticky,Fast abso...",258,"1,697",50 g,28% off,4.4,"49,448"
"Phillauri Complete Skin Care Cleanse, Tone, Exfoliate, ...",619,"1,148",4 Items in the set,76% off,3.8,"13,559"
"ZPITOL Vitamin C  ~ Brighter Face, Skin Purify & Deep D...",116,530,200 ml,14% off,4.2,"17,268"
BIOTIQUE Morning Nectar Face Scrub 100gm & Papaya Face ...,191,"1,799",2 Items in the set,62% off,4.7,447
"voorkoms Istant Fairness, Younger Refreshing & Dry Skin...",854,"2,499",150 g,50% off,4.9,10
"The Nile Apple Cider Vinegar Foaming - No Parabens, Sil...",681,399,2 Items in the set,69% off,3.7,"1,417"
Etszaz Silicone Ice Roller | Ice Pouch | Skin Natural G...,199,349,100 ml,49% off,3.9,82
BOROPLUS Soft Ayurvedic Antiseptic Cream|Light & Non-st...,227,"1,694",300 ml,25% off,3.9,150
CO Luxury Glutathione Trio Pack | Skin Brightening & Wh...,75,799,3 Items in the set,15% off,4.3,"67,393"
CO Luxury Anti Acne Face Care Combo of Niacinamide Face...,449,"2,599",2 Items in the set,15% off,4.3,"12,701"
Chemist at Play Gentle & Soothing  | 100% Soap Free Fac...,668,799,75 ml,45% off,4,740
BEARDO Ultraglow Face Wash,281,299,100 ml,30% off,4.3,"10,627"
Phillauri Charcoal Facewash For Anti-Pollution,270,275,2 Items in the set,27% off,4.3,"43,936"
Skin Diva Skin Care Pack of 6 Combo | Vitamin C Brighte...,225,737,6 Items in the set,14% off,4.3,"2,82,797"
saturn by ghc Foaming Face Wash (120ml) Face Toner (150...,"1,799","1,948",3 Items in the set,79% off,4.3,"2,448"
"mars by GHC Hyaluronic Acid, Vitamin C (30 ml) Derma Ro...",95,359,2 Items in the set,52% off,4.2,359
"BIOTIQUE Fruit Brightening |Brightens & Soften Skin, 10...",299,"1,379",400 ml,52% off,3.9,"9,297"
aaditv Medi-cube Facial Mask Dullness Hydrolyzed Collag...,628,349,75 ml,73% off,4.3,"19,318"
Menveda Complete Face Organic Grooming Kit | Face wash ...,398,897,5 Items in the set,33% off,4.3,"35,339"
Blankino Aloe Vera Gel,782,"1,098",120 g,61% off,4.2,"6,897"
Chemist at Play Gentle Exfoliating Face Scrub - Removes...,400,"1,997",100 ml,60% off,3.7,23
GLAMVEDA Korean Glass Skin Rice & Ceramide 4 Step Daily...,222,"1,100",4 Items in the set,60% off,4.1,"10,020"
GLAMVEDA Glutathione Brightening & Dark Spots Removal 3...,233,299,3 Items in the set,13% off,4.4,"49,448"
Globus Naturals Oil Control Glycolic Glow Infusion Gift...,626,745,6 Items in the set,12% off,4.7,24
"Vanvati Glowing, Skin Whitening & Dry skin cure Powder ...","1,071",699,150 g,82% off,4.7,447
SDF FACE MASSAGER Face toning & serum application| For ...,251,399,100 g,14% off,4.2,108
OZONE D-Tan Face Scrub 100 G - For Tan Removal. Helps R...,996,699,3 Items in the set,64% off,4.2,"17,268"
mCaffeine Summer essential Skincare Kit for Exfoliation...,297,429,4 Items in the set,30% off,4.3,"67,393"
"Dr Batra's Age Defying Skin Firming Serum - 50 G, Face ...",180,"1,495",6 x 10 g,87% off,4.1,899
VLCC Gold Facial Kit. Bright & glowing skin - Parlour G...,523,209,100 ml,28% off,4.3,"12,701"
Nature Sure Pores and Marks Oil 1 Pack for enlarged ski...,943,599,250 g,3% off,4.3,197
WishCare Pure & Unscented Glycerine - Pharmaceutical Gr...,294,300,3 Items in the set,32% off,4.2,"30,478"
Phillauri Ubtan Skin Care Combo For Natural Glowing Bea...,199,"1,596",2 Items in the set,24% off,4.8,65
Vela Organic Beauty Care Skin Brightening kit- Exfoliat...,289,508,3 Items in the set,56% off,4.3,114
Vandyke Oily Skincare Kit (Cleanse+Treat+Moisturize) Ma...,279,300,2 Items in the set,49% off,4.2,419
The Nile Professional Vitamin C Face Serum For Spotless...,158,"3,397",100 ml,69% off,4.3,"43,936"
Chemist at Play Acne Control Face wash | Salicylic Acid...,608,458,2 Items in the set,54% off,4.3,"2,82,797"
GLAMVEDA Korean Glass Skin Rice & Ceramide 2 Steps Dail...,377,435,100 g,8% off,4.3,591
Vanvati Istant & Fairness & Glow & Shine Skin Powder Co...,264,499,2 Items in the set,15% off,4.4,478
Beauty Glazed Skin Perfecting Face Wash With Niacinamid...,178,700,125 ml,54% off,3.5,202
Cetaphil Oily Skin Cleanser Face Wash,210,800,125 ml,41% off,4.3,"35,339"
"Cetaphil Gentle Skin Cleanser With Mild, Non Irritating...",209,399,5 x 10 g,35% off,3.9,"9,297"
Pratibimb Pure Aloe Radiance:Your Skincare Routine with...,205,449,100 ml,87% off,4.3,"19,318"
Moha Face  Scrub,364,"1,646",30 ml,80% off,4.4,5
Lovelook Retinol Serum For Face For Anti Aging | Night ...,290,"1,636",100 ml,43% off,4.2,391
XYST Alcohol-Free Face Mist Toner - Balances pH & Tight...,"2,308",350,4 Items in the set,28% off,4.2,"6,897"
"Phillauri Complete Skin Care Cleanse, Tone, Exfoliate, ...",345,"1,799",130 g,49% off,4.1,"10,020"
"mCaffeine Coffee Body & Face , Remove Tan, Dead Skin, B...",191,"1,297",200 ml,14% off,4.6,20
"NO SCARS Aloe Vera  With  for Glowing Skin, Removes Dir...",250,699,3 Items in the set,75% off,4.6,551
SkinInspired Hydration Powerhouse Skincare Combo - Foam...,215,"3,215",150 g,18% off,3.3,3
"mCaffeine Coffee Face Wash & Scrub Combo, Reduces Acne ...",366,530,300 ml,62% off,4.4,"49,448"
BOROPLUS Soft Ayurvedic Antiseptic Cream|Light & Non-st...,208,349,1 Items in the set,19% off,4.7,24
"Wiffy Aloe Vera Gel For Skin Acne, Scars, Dark spots Fa...",367,"1,300",2 Items in the set,57% off,3.6,180
Herbs and Pure Daily Skincare Combo - Skin Brightening ...,380,"1,976",3 Items in the set,55% off,4.2,21
"Ooplore Rakhi Gift For Sister , Face Wash Combo Neem, P...",751,"1,694",200 ml,60% off,4.2,"17,268"
Vaseline Deep Moisture Serum In Lotion | Enriched with ...,960,499,50 g,43% off,4.7,447
deconstruct Sunscreen - SPF SPF 50+ PA++++ Fluid Bright...,227,"1,100",100 g,22% off,4.3,"1,28,259"
mCaffeine Exfoliating Coffee body scrub for Men & Women...,225,"1,000",4 Items in the set,18% off,4.1,"4,918"
PORES BE PURE Vitamin C Brightening Skincare Range for ...,99,698,5 Items in the set,49% off,4.2,183
LILIUM Daily Skincare Kit | For Nourished & Glowing Ski...,254,699,100 ml,60% off,4.3,519
BEARDO Ultraglow Face Wash,398,295,75 ml,5% off,4.3,"67,393"
aaditv Medi-cube Facial Mask Dullness Hydrolyzed Collag...,"2,314",229,25 ml,13% off,4.3,"12,701"
MIRABELLE COSMETICS KOREA Facial Sheet Mask,270,799,3 Items in the set,39% off,3.9,18
Phillauri Vitamin C Foaming Face Wash,299,"1,000",100 g,44% off,4.2,"1,997"
voorkoms Acne Scars Cure & Moisture Skin Combo Face Ski...,320,349,6 Items in the set,10% off,4.3,197
TNW - The Natural Wash Night Care Regime Gift Hamper fo...,"1,607",699,400 ml,12% off,4.8,65
"BIOTIQUE Fruit Brightening |Brightens & Soften Skin, 10...",628,499,100 ml,87% off,4,24
Chemist at Play Gentle Exfoliating Face Scrub - Removes...,401,699,3 Items in the set,14% off,4.3,16
"Mensport Broad Spectrum Sunscreen 100ML, Face Glowing S...",463,299,8 Items in the set,36% off,4.2,"2,447"
"MasKing Skin care Combo Kit, For Daily use, Ideal for W...",450,429,4 Items in the set,28% off,4.3,114
GLAMVEDA Korean Glass Skin Rice & Ceramide 4 Step Daily...,279,"1,596",100 ml,56% off,4.2,"24,378"
ThriveCo Pore-Minimizing Ultimate Toner For Hydrating F...,398,552,2 Items in the set,50% off,4.4,35
The Nile Professional Vitamin C Face Serum For Spotless...,230,"1,425",3 Items in the set,67% off,4.3,"43,936"
The Nile Vitamin C Foaming FaceWash with Built-in-Brush...,186,508,2 Items in the set,9% off,4.3,"2,82,797"
Bejoy 100% Pure & Natural Aloe Vera Peeling Gel & Aloe ...,400,435,100 g,44% off,4.4,20
voorkoms Acne Scars Cure & Dry Skin Cure Combo Face Ski...,400,799,40 g,24% off,4.1,37
LOTUS White Glow Insta Glow Fairnes Facial Kit,329,799,75 g,8% off,4.4,422
"mCaffeine Men & Women, Skin Brightening, De-Tan, Remove...",608,799,150 g,44% off,4,345
"Vanvati Lightening, Acne Scar & Dry Skin Cure Powder Co...",301,699,2 Items in the set,30% off,3.9,"9,297"
puranex 100 % Pure & Natural Grape Seed Oil For Moistur...,386,458,40 ml,87% off,4.3,"19,318"
Chemist at Play Vitamin C Neck Knee Elbow Brightening R...,269,399,125 ml,15% off,4.2,"2,242"
Cetaphil Oily Skin Cleanser Face Wash,377,699,3 Items in the set,61% off,4.3,471
"Cos-IQ Anti-Ageing Kit for dry skin Face Cleanser, Mois...",205,379,400 ml,44% off,4.3,"35,339"
"Vaseline Light Hydrate Serum In Lotion, Superlight & No...",473,"1,799",100 g,82% off,4.2,"6,897"
"voorkoms Younger, Refreshing & Dry Skin Cure Powder Com...",898,449,100 ml,35% off,4.4,"18,054"
deconstruct Hydrating Face wash 0.1% Hyaluronic Acid | ...,364,998,125 ml,20% off,4.2,38
"Cetaphil Gentle Skin Cleanser With Mild, Non Irritating...",191,699,4 Items in the set,82% off,4.3,190
"Phillauri Complete Skin Care Cleanse, Tone, Exfoliate, ...",392,"1,497",28 ml,30% off,4.8,4
POND's Bright Beauty Corrects Dark Spot & Pigmentation ...,260,350,3 Items in the set,16% off,4.1,"10,020"
The Plant Fix Plix Jamun Niacinamide serum 30ml,722,249,130 g,67% off,4.4,"49,448"
"mCaffeine Coffee Body & Face , Remove Tan, Dead Skin, B...",386,399,300 ml,16% off,3.9,45
BOROPLUS Soft Ayurvedic Antiseptic Cream|Light & Non-st...,345,"1,300",150 g,59% off,3.6,5
"Vanvati Refreshing, Glowing Skin & Istant Fairness Powd...",367,125,150 g,78% off,4.7,24
"voorkoms Lightening Skin, Acne Scar & Anti Aging Combo ...",386,"3,999",150 g,49% off,4.2,"17,268"
Simple Kind To Skin Refreshing Facial Wash Gel 150ml Fa...,262,"1,848",100 g,14% off,3.7,6
voorkoms Lightening Skin & Dry Skin Cure Combo Face Ski...,225,999,150 g,23% off,5,4
"mCaffeine Coffee Face Wash & Scrub Combo, Reduces Acne ...",380,"3,999",50 g,15% off,3.7,"1,417"
deconstruct Sunscreen - SPF SPF 50+ PA++++ Fluid Bright...,381,530,100 g,13% off,4.1,"9,462"
"voorkoms Pimple, Fairnes & Dry Skin Cure Powder Combo F...",386,349,1 Items in the set,12% off,3.9,82
INDOPOWER ZhH 69-SKIN CARE FACE WASH 100g.,263,299,75 ml,4% off,4,21
aaditv Medi-cube Facial Mask Dullness Hydrolyzed Collag...,227,299,100 g,59% off,4.7,10
mCaffeine Exfoliating Coffee body scrub for Men & Women...,199,699,2 Items in the set,45% off,4.7,447
nature leaf Aloe Vera Skin Glow Face Wash Infused with ...,71,429,2 Items in the set,30% off,4.3,"67,393"
purobio Buy Daily Face Wash & Get Free Lavender Shower ...,910,199,100 g,87% off,4.6,7
"voorkoms Dry Skin Cure & Glow, Fairness Skin Powder Com...",105,699,3 Items in the set,28% off,4.4,335
"Dr. Alies Professional Vitamin C Face Serum, Vitamin C ...","1,311","1,745",100 ml,44% off,3.8,5
BEARDO Ultraglow Face Wash,"1,543",379,75 ml,75% off,4.2,351
Chemist at Play Gentle & Soothing  | 100% Soap Free Fac...,401,"1,596",215 g,56% off,4.3,"12,701"
kHUDAt Multani Mitti for Men,840,508,3 Items in the set,24% off,4.3,197
Pilgrim Complete Night Care Facial Kit | For Dark Circl...,270,699,9 g,28% off,4.3,741
HipHop Skincare Charcoal Nose Strips (Women) - Blackhea...,299,"1,300",50 g,44% off,4.8,5
A. R. M pearlbeauty Skin Brightening & Pigmentation Cre...,230,435,2 Items in the set,51% off,4.3,6
TNW - The Natural Wash Skincare Combo with Rose Gold Oi...,254,458,4 Items in the set,62% off,4.3,"22,264"
"Dr Batra's Skin Fairness Serum - 50 G, Fairness Face Wa...",608,605,2 Items in the set,8% off,4.4,508
Celestial Skincare Combo of Facewash and Face Serum Mak...,377,699,6 Items in the set,15% off,4.2,"1,265"
"Globus Naturals Golden Glimmer Gift Box, Set of 6",190,598,400 ml,42% off,4.2,378
"BIOTIQUE Fruit Brightening |Brightens & Soften Skin, 10...",286,849,100 ml,44% off,4.3,"14,685"
Chemist at Play Gentle Exfoliating Face Scrub - Removes...,949,399,20 g,87% off,2.8,5
HipHop Skincare Acne Pimple Patch | Hydrocolloid & Sali...,262,449,125 ml,20% off,4.3,32
The Derma Co 2% Niacinamide Gentle Skin Cleanser for Se...,205,749,125 ml,44% off,4.2,"8,253"
Cetaphil Oily Skin Cleanser Face Wash,364,"1,000",125 ml,72% off,4.8,790
"Cetaphil Gentle Skin Cleanser With Mild, Non Irritating...",386,"1,799",50 ml,35% off,4.2,109
WishCare Pure & Natural Kannauj Rose Water For Skin Fac...,320,249,100 g,49% off,4.3,380
"Ordershock Plimple Remover & Istant, Fairness Powder Co...",191,"1,099",5 Items in the set,72% off,4.8,4
THE MAN COMPANY Skin Care Kit For Soft & Glowing Skin -...,345,"1,797",1 Items in the set,81% off,4.2,14
INDOPOWER BnN 70-SKIN CARE FACE WASH 100g.,435,350,4 Items in the set,14% off,4.8,5
"Phillauri Complete Skin Care Cleanse, Tone, Exfoliate, ...",389,530,130 g,62% off,4.2,"19,140"
"mCaffeine Coffee Body & Face , Remove Tan, Dead Skin, B...",293,800,100 g,54% off,4.5,118
voorkoms Refreshing Skin & Dry Skin Cure Powder Combo F...,321,999,3 Items in the set,58% off,4.7,"1,099"
"Mensport Broad Spectrum Sunscreen 100ML, Vitamin B3 Fac...",367,349,300 ml,58% off,4.2,"3,570"
BOROPLUS Soft Ayurvedic Antiseptic Cream|Light & Non-st...,380,"1,694",150 g,15% off,4.3,81
"mCaffeine Coffee Face Wash & Scrub Combo, Reduces Acne ...",429,798,2 Items in the set,19% off,3.8,120
TNW - The Natural Wash Vitamin C Face Wash and Avocado ...,560,"1,000",100 g,32% off,4.5,8
"voorkoms Acne Scars Cure & Glow, Fairness Combo Face Sk...",225,699,2 Items in the set,73% off,4,4
Phillauri Coffee Face Wash And Scrub For Natural Glowin...,199,399,2 Items in the set,15% off,4.3,47
GLAMVEDA Glutathione Brightening & Dark Spots Removal 2...,610,499,50 g,13% off,4.8,4
deconstruct Sunscreen - SPF SPF 50+ PA++++ Fluid Bright...,500,549,100 g,12% off,4,935
mCaffeine Exfoliating Coffee body scrub for Men & Women...,227,"1,600",4 Items in the set,30% off,4.4,147
Globus Naturals Radiance Multani Mitti Rakhi Gift Box -...,270,427,2 Items in the set,35% off,4,664
"The Nile Apple Cider Vinegar Foaming - No Parabens, Sil...",220,699,75 ml,70% off,4,110
aaditv Medi-cube Facial Mask Dullness Hydrolyzed Collag...,184,429,75 ml,56% off,4.3,908
Chemist at Play Gentle & Soothing  | 100% Soap Free Fac...,299,748,5 Items in the set,87% off,4.3,478
Globus Naturals Gold Radiance Skincare Gift Box - Face ...,628,641,3 Items in the set,28% off,4.2,"9,430"
nature leaf Combo of Vitamin C Skin Brightening Face Se...,366,"1,999",2 Items in the set,13% off,4.4,143
Phillauri Vitamin C Serum and Facewash for Brightening ...,416,435,2 Items in the set,50% off,4,203
SWOSH Skincare Combo Of Vitamin C Refill 200 ml Face Wa...,290,"1,596",100 ml,24% off,3.9,312
BEARDO Ultraglow Face Wash,339,508,400 ml,8% off,4.2,"1,41,746"
"BIOTIQUE Fruit Brightening |Brightens & Soften Skin, 10...",401,761,2 Items in the set,7% off,4.3,"43,936"
Mensport Multipurpose Aloe Vera Gel 130ml & Face Glowin...,373,595,30 ml,40% off,4.8,4
"Pelle Beauty Vitamin C 20% & E, Skin Lightening, Whiten...",418,458,100 ml,8% off,3.6,8
Chemist at Play Gentle Exfoliating Face Scrub - Removes...,361,399,4 Items in the set,15% off,4.4,9
GLAMVEDA Korean Glass Skin Rice & Ceramide 4 Step Daily...,608,950,1 Items in the set,87% off,4.3,"2,82,797"
Sonavi Face Serum and face wash for Deep Cleanses and F...,377,"1,165",2 Items in the set,32% off,3.9,"9,297"
"The Nile Apple Cider Vinegar Foaming - No Parabens, Sil...",523,"2,246",100 g,75% off,4.3,12
Vanvati Dry Skin Cure & Blemish Skin Powder Combo For F...,416,449,60 g,35% off,4.1,74
Mamaearth Ubtan Facial Kit With Turmeric & Saffron For ...,589,"1,799",100 ml,20% off,4.1,"9,462"
ThriveCo Pore-Minimizing Ultimate Toner For Hydrating F...,191,668,227 g,50% off,3.7,"1,417"
"mi nature White Turmeric Powder| Kachur, Curcuma Zeodar...",205,"1,999",4 Items in the set,39% off,4,156
"Mensport Sunscreen 100ML, Niacinamide Face Serum 30ML, ...",364,350,200 g,15% off,4.5,250
POND's Bright Beauty Spot-less glow Face Wash,660,249,125 ml,12% off,4.6,14
Cetaphil Oily Skin Cleanser Face Wash,297,240,125 ml,49% off,4.4,143
"Cetaphil Gentle Skin Cleanser With Mild, Non Irritating...",345,220,180 g,14% off,4.2,"3,598"
GARNIER Men John's Skincare Essentials | TurboBright Fa...,367,379,200 g,69% off,4.3,"19,318"
Nat Habit Fresh Pimple Control (Gel) Neem Face Wash,876,349,50 ml,10% off,4,203
"AXIS-Y Dark Spot Correcting Glow Serum Skincare, Dark S...","1,192",530,300 ml,62% off,4.3,"35,339"
BOROPLUS Soft Ayurvedic Antiseptic Cream|Light & Non-st...,699,349,4 Items in the set,19% off,4.2,"6,897"
"Phillauri Complete Skin Care Cleanse, Tone, Exfoliate, ...","2,045","1,999",130 g,11% off,4.3,49
"mCaffeine Coffee Body & Face , Remove Tan, Dead Skin, B...",380,295,100 ml,20% off,4.1,60
LORD'S LORDS Buy 1 Rice Water Brightening cream get fre...,225,"1,694",100 ml,15% off,4.4,92
Cos-IQ CPM2% Ceramides & Peptides Moisturizer Barrier R...,450,499,150 g,57% off,4.5,8
"mCaffeine Coffee Face Wash & Scrub Combo, Reduces Acne ...",490,350,50 g,32% off,4.7,24
deconstruct Sunscreen - SPF SPF 50+ PA++++ Fluid Bright...,227,"1,795",1 Items in the set,22% off,4.1,"10,020"
Golite Natural skin cream with sunscreen,199,"1,600",2 Items in the set,47% off,4,11
"mCaffeine Coffee De-Stress Gift | Coffee Scrub, Body Oi...",120,"1,100",3 Items in the set,16% off,4.4,"49,448"
Minomine Gamechangers Skincare Routine Set for Dry Skin...,133,549,4 Items in the set,13% off,4.2,"17,268"
DERMABAY Combo Gentle Skin Cleanser + Hydrating Serum +...,322,295,100 g,12% off,4.7,6
mCaffeine Exfoliating Coffee body scrub for Men & Women...,307,500,75 ml,2% off,4.3,4
aaditv Medi-cube Facial Mask Dullness Hydrolyzed Collag...,270,"1,600",30 g,49% off,4.7,447
KOJIVIT ULTRA Sunscreen - SPF 50 PA+++ Advanced Skincar...,299,699,110 ml,5% off,4.3,"67,393"
QERINKLE Advanced Snail 96 Mucin Power Essence for Dail...,612,429,100 ml,24% off,4,479
BEARDO Ultraglow Face Wash,265,299,75 ml,87% off,4.1,"10,863"
Chemist at Play Gentle & Soothing  | 100% Soap Free Fac...,628,199,75 g,28% off,4.1,"4,605"
BIOTIQUE Brightening & Revitalizing Tan Removal Face Sc...,401,"1,449",3 x 100 g,41% off,4.2,"16,353"
Nimson Silk Plus & Boro Neem & X-ice Talcum Powder Gham...,309,270,80 g,29% off,4.2,"46,433"
Mamaearth Chia Oil-Free Moisturizer with Chia Seed & Ce...,"1,419","1,596",15 g,56% off,4.4,519
Lakmé Glycolic Illuminate Day Cream with Glycolic Acid ...,"1,349",508,400 ml,24% off,4.1,106
"BIOTIQUE Fruit Brightening |Brightens & Soften Skin, 10...",471,798,100 ml,25% off,4.3,13
Chemist at Play Gentle Exfoliating Face Scrub - Removes...,373,519,30 g,11% off,3.9,"9,297"
"HUES FOR HIM Tinted Moisturizer,Anti-Aging|Radiant Skin...",230,435,15 ml,39% off,4.2,"3,598"
"Lakmé 6% Vitamin E, Niacinamide, Vitamin F & Pro-Cerami...",262,458,4 Items in the set,49% off,3.7,20
GLAMVEDA Korean Glass Skin Rice & Ceramide 4 Step Daily...,"1,339",540,100 ml,8% off,4.4,20
ThriveCo Pore-Minimizing Ultimate Toner For Hydrating F...,608,675,80 ml,15% off,4.3,"35,339"
"Bepanthen SensiControl Daily Gentle , Worlds No.1 Skinc...",377,349,48 g,39% off,4.7,447
Body Shop Vitamin E Moisture Cream - Hydrating & Nouris...,292,"1,499",4 Items in the set,77% off,3.7,"1,100"
kaina skincare CHOCOLATE BODY POLISHING KIT (A combo of...,101,399,3 Items in the set,87% off,4.2,"17,268"
NutriGlow Beauty Combo of 3 Wine Facial Kit (250gm)|Red...,"1,376",449,227 g,35% off,4.7,24
"mi nature White Turmeric Powder| Kachur, Curcuma Zeodar...",203,455,40 g,5% off,4,479
LOTUS White Glow Insta Glow Fairnes Facial Kit,205,"1,699",2 Items in the set,12% off,3.3,12
Herbs and Pure Daily Skincare Combo - Skin Lightening V...,364,"1,799",4 Items in the set,16% off,4.3,"67,393"
kaina skincare UBTAN BODY POLISHING KIT (A combo of bod...,470,350,125 ml,5% off,4.3,"12,701"
Cetaphil Oily Skin Cleanser Face Wash,367,"1,090",125 ml,67% off,4,5
"Cetaphil Gentle Skin Cleanser With Mild, Non Irritating...",191,"1,215",50 g,57% off,4,22
MONBAIR Premium Quality Organic Red Sandalwood Powder,345,125,28 g,50% off,4.7,14
"B-Tex Skin Care Solution | For Daraj, Dad, Khaj, and Kh...",400,349,100 ml,20% off,4.3,197
Cosrx Advanced Snail 96 Mucin Power Essence | Hydrating...,599,"3,999",100 g,49% off,4.1,"4,897"
"DERMINA Fight & Fade Acne Facewash, powered with vitami...",212,"2,500",4 Items in the set,57% off,4.4,21
"Phillauri Complete Skin Care Cleanse, Tone, Exfoliate, ...",758,199,130 g,15% off,4.2,374
"mCaffeine Coffee Body & Face , Remove Tan, Dead Skin, B...",367,249,200 ml,83% off,4.3,114
HealthBest Kidbest Facewash for 3-13 Years Kids | Each ...,380,530,500 g,63% off,4.4,"1,930"
Ayur Herbal Natural Cold Cream For Men And Woman 500Gra...,274,699,300 ml,14% off,4.5,123
BOROPLUS Soft Ayurvedic Antiseptic Cream|Light & Non-st...,376,240,150 g,62% off,3.7,12
"mCaffeine Coffee Face Wash & Scrub Combo, Reduces Acne ...",225,799,400 ml,15% off,4.3,"1,944"
Vaseline Intensive Care Aloe Fresh Hydrating Body Lotio...,227,750,100 g,16% off,3.7,"2,454"
"Bepanthen Daily Moisturizing Cream,Worlds No.1 Skincare...","1,390",349,100 g,16% off,4.1,662
FACES CANADA Pink Aloe Vera Ultra Hydrating | Non-dryin...,"1,035","1,694",4 Items in the set,42% off,4.2,"4,679"
GLAMVEDA Glass Skin Rice & Ceramide Facewash+Cream+Seru...,"1,058",210,50 g,2% off,4.2,"1,41,746"
deconstruct Sunscreen - SPF SPF 50+ PA++++ Fluid Bright...,105,480,100 g,62% off,4.3,"43,936"
mCaffeine Exfoliating Coffee body scrub for Men & Women...,329,"2,200",2 Items in the set,35% off,4,479
"Heal N Cure Facewash & NG Gow Cream , Combo pack - Trea...","1,311",320,4 Items in the set,14% off,4.5,147
"Piru Derma Roller System 0.5mm,Hair Scalp,Face ice roll...","1,066",400,75 ml,37% off,3.8,112
aaditv Medi-cube Facial Mask Dullness Hydrolyzed Collag...,99,"1,788",100 ml,44% off,4.3,"2,82,797"
BEARDO Ultraglow Face Wash,199,"1,185",3 Items in the set,45% off,3.9,"9,297"
"Tikitoro Teens Anti-Acne Care Kit with Face Wash, Gel M...",270,349,150 ml,5% off,1,3
Cosrx Centella Water Alcohol-Free Toner Men & Women,297,398,148 g,20% off,4,3
LOTUS HERBALS Radiant Gold Cellular Glow Salon Grade 4 ...,204,450,9 g,43% off,4.2,"3,598"
HipHop Skincare Charcoal Nose Strips (Women) - Blackhea...,132,449,40 ml,30% off,4.3,"19,318"
Chemist at Play Vitamin C Neck Knee Elbow Brightening R...,277,950,50 g,60% off,4.5,121
A. R. M pearlbeauty Skin Brightening & Pigmentation Cre...,299,"1,950",100 ml,6% off,4.3,"4,085"
SKIN1004 Madagascar Centella Tone Brightening Capsule A...,628,700,100 ml,23% off,4.3,"35,339"
MENZ Luxury Brightens Skin Tone Cleanser With Vitamin C...,177,"1,550",75 ml,86% off,4.2,"6,897"
Chemist at Play Gentle & Soothing  | 100% Soap Free Fac...,400,999,400 ml,40% off,4.6,8
"BIOTIQUE Fruit Brightening |Brightens & Soften Skin, 10...","1,847",149,200 ml,16% off,4.1,"9,462"
AmazingOrganics AMZUBL01,185,"1,660",500 ml,15% off,3.7,"1,417"
Zavers Cleansing Milk Lotion For Softening & Smoothenin...,389,798,100 ml,5% off,4.3,81
INDIANA HUDA Glow & Clean Neem & Tea Tree  100ml – Anti...,668,845,300 ml,13% off,4.2,"4,679"
GLAMVEDA Rice & Ceramide / Potato / Glycolic & Salicyli...,761,399,100 ml,24% off,4,14
Chemist at Play Gentle Exfoliating Face Scrub - Removes...,299,799,4 Items in the set,5% off,3.5,744
GLAMVEDA Korean Glass Skin Rice & Ceramide 4 Step Daily...,250,850,50 g,5% off,3.9,82
Moiz Daily Moisturizing Cream | Face & Body| Sensitive ...,252,445,6 Items in the set,15% off,3.9,518
Nature's Essence Gold Cream Bleach 43 (Pack of 6),245,598,5 Items in the set,77% off,4.3,194
kaina skincare Body Polishing Kit Set of 5 (A combo of ...,900,649,50 g,54% off,4.1,"10,020"
BIOTIQUE Saffron Youth Anti-Ageing Cream Reduces fine l...,"1,560",650,100 g,63% off,4.7,24
LEWISIA IN ORGANICS Mulethi Powder,395,950,240 ml,6% off,4.3,48
MasKing Facial Sheet Mask for Skin Lightening,"1,085",999,20 g,60% off,5,5
THE QUINN 24 K Gold Night Serum,398,"1,598",200 ml,20% off,4.3,170
Chemist at Play Retinol Body Lotion | Retinol + Niacina...,139,525,200 g,49% off,4.4,"49,448"
THE PINK RUSH Pink Rush Ubtan and Vitamin C Pack of 2 (...,"1,265","1,329",50 g,45% off,4.2,"17,268"
"ZORDAN Anti Blemishing Cream Face Moisturizer,Dark Spot...",104,299,400 ml,12% off,4.3,"1,335"
WOW SKIN SCIENCE Coconut Milk With Lactic Acid Body Lot...,500,450,200 ml,19% off,3.3,4
Avexa Cream - Skin Repair & Lightening with Hyaluronic ...,332,559,100 ml,25% off,4.2,"1,41,746"
SEREKO Clarifying Night Face Moisturiser With Vitamin C...,679,890,2 Items in the set,16% off,4.3,"43,936"
Luster Papaya Face Pack + Papaya Fruit Massage Cream,807,249,3 Items in the set,10% off,4.3,3
"Pilgrim Red Vine AM PM Face Care Kit, Anti-Ageing, De-P...",385,299,2 Items in the set,35% off,4.2,48
DermDoc Skincare for Women: Kojic + Niacinamide,449,275,4 Items in the set,10% off,4.1,"9,462"
ZORDAN Body Care Essentials Flora Travel Kit Combo of B...,615,755,4 Items in the set,13% off,4.3,"2,82,797"
LOTUS HERBALS WHITEGLOW Day and Night Cream 60G WITH FA...,617,250,200 ml,63% off,4.1,"12,135"
"BLOOMSHI Rose Water Facial Mist Spray, 100ml Men & Wome...",799,175,3 x 53.33 g,6% off,3.9,"9,297"
SPRING H2O Luxury Facial Kit Combo pack for Radiant Ski...,229,349,40 g,38% off,4.2,"3,598"
"OLAY Age Protect with Salicylic Acid, Aloe, BHA, All sk...",734,699,400 g,25% off,3.9,10
SARA Peel off Turmeric Bean Wax Wax,190,525,150 ml,12% off,4.2,87
Cosrx Low pH Good Morning Gel Cleanser 150 ml | Daily  ...,"1,236","1,329",400 ml,87% off,4.5,11
Pilgrim French Red Vine & Hyaluronic Acid ULTRA-SMOOTH ...,119,759,200 ml,4% off,4.3,28
deconstruct 2% Niacinamide Brightening  | Cleanses & Re...,358,449,200 ml,5% off,4.3,"19,318"
Nuskhe By Paras Goat Milk Moisturizer | Deeply Moisturi...,282,429,200 g,16% off,4.3,"35,339"
SARA SOUL OF BEAUTY Radiance D-Tan Face Wash,483,"1,596",100 g,15% off,4.1,958
LORD'S Hyaluronic Acid Intensive Cream No Sulphate Para...,217,300,2 Items in the set,25% off,4.2,"6,897"
Piru Hair Growth Boosters: Microneedling Roller (0.5mm)...,241,349,2 Items in the set,31% off,4.1,"10,020"
Nuskhe By Paras Skin glow Combo -Anti Acne Gel and Rose...,206,125,2 Items in the set,16% off,4.6,5
Herbs and Pure Daily Skincare Combo - Deep Moisturising...,634,"1,299",2 Items in the set,76% off,4.6,25
O3+ Radiance Skincare Combo With Bridal Facial Kit Oxyg...,225,348,50 g,28% off,4.4,"49,448"
OG BEAUTY Science Retinol Anti-Aging Face Cream | Derma...,113,860,6 x 16.25 g,10% off,4.7,24
IHA Pearl Alight Skin Nourishing Facial Kit - Herbal Sk...,314,755,30 g,62% off,4.3,37
OAKNET Cosmelite next cream 30gm,608,499,100 ml,56% off,3.8,"5,150"
Milagro Beauty Oil Absorbing Volcanic Face Roller Reusa...,190,508,100 g,24% off,4.2,"17,268"
KEYA SETH AROMATHERAPY Papaya Brightening & Anti Blemis...,"1,236",250,100 ml,20% off,4.3,"67,393"
Sotrue Cera-Mine Moisturizer Gel for Glowing skin |Oil-...,466,399,1000 ml,50% off,4.5,11
BEARDO Neem Face Wash,336,435,380 ml,20% off,4.3,116
Shahnaz Husain S.H. Professional Power Rehydrand Milk F...,377,458,75 g,13% off,3,6
DR.RASHEL Korean Glass Skin Essence Cream | Infused wit...,205,250,50 g,87% off,4.3,"1,178"
Globus Naturals Korean Glass Skin Rice Ceramide For Ski...,"3,085",399,125 ml,8% off,4.3,"12,701"
deconstruct Sunscreen - SPF 55+ PA+++ Lightweight Gel S...,286,615,2 Items in the set,40% off,4.3,197
Cetaphil Oily Skin Cleanser Face Wash,329,399,2 Items in the set,16% off,4.5,66
Herbs and Pure Daily Skincare Combo - Deep Moisturising...,105,"1,799",3 Items in the set,15% off,4.3,"43,936"
O3+ Radiance Skincare Combo With Bridal Facial Kit Oxyg...,"1,099",399,2 Items in the set,35% off,4.3,"2,82,797"
KISRA Festival Moment Skincare Kit | Premium Gift Hampe...,259,470,125 ml,8% off,4.4,182
DR.RASHEL Vitamin C Scrub & DeTan Face Wash - Tan Remov...,585,600,4 Items in the set,11% off,4.5,10
"Cetaphil Gentle Skin Cleanser With Mild, Non Irritating...",634,449,3 Items in the set,6% off,4.6,60
"Phillauri Complete Skin Care Cleanse, Tone, Exfoliate, ...",116,350,20 g,80% off,3.9,"9,297"
"BRILLARE Age Revival Complete Skin Care Kit, Face Wash,...",364,739,40 ml,20% off,4.3,"35,339"
MACARIA Ivanka Intimate Beauty Cream for Full Body Whit...,225,"1,297",9 g,49% off,5,3
Chemist at Play Vitamin C Neck Knee Elbow Brightening R...,150,750,30 g,4% off,4,11
HipHop Skincare Charcoal Nose Strips (Women) - Blackhea...,191,699,75 ml,18% off,4.1,"10,020"
"Reginald Men All-in-One Face Serum | Salicylic Acid, Vi...",345,249,20 ml,20% off,4.3,"19,318"
ARISH BIO-NATURAL GLOW SECRT FACE PACK,200,530,1000 ml,8% off,4.2,"2,010"
CBLIZ VITAMIN-C 20% SERUM,196,399,100 ml,13% off,4.2,342
Shahnaz Husain S.H. Professional Power Rehydrand Milk F...,492,695,130 g,5% off,4.7,24
Etszaz Silicone Ice Roller | Ice Pouch | Skin Natural G...,347,299,380 ml,10% off,4.2,"17,268"
"mCaffeine Coffee Body & Face , Remove Tan, Dead Skin, B...",225,349,50 ml,87% off,3.9,671
DR.RASHEL Korean Glass Skin Essence Cream | Infused wit...,367,767,300 ml,76% off,4.5,58
sebora Eczemaron Fungal ceb Cream For Men & Women Ayurv...,280,450,150 g,69% off,4.7,447
BOROPLUS Soft Ayurvedic Antiseptic Cream|Light & Non-st...,499,"1,500",100 ml,53% off,4.2,"6,897"
"mCaffeine Coffee Face Wash & Scrub Combo, Reduces Acne ...",380,"1,596",50 ml,56% off,4.1,83
DR.RASHEL Korean Glass Skin Essence  Pack of 2 Face Was...,227,499,200 ml,20% off,4.5,431
MFine Ceramide + 8% Vitamin C Moisturizer for Brighteni...,675,"1,093",1 Items in the set,20% off,4.4,530
JOVEES BRIDAL FACE WASH + FACE CREAM (2 Items in the se...,"1,148",599,75 ml,87% off,3.7,21
"The Skin Story Bridal Glow Facial Kit for Women, Instan...",699,435,50 g,10% off,4.3,"67,393"
aaditv Medi-cube Facial Mask Dullness Hydrolyzed Collag...,135,249,8 Items in the set,14% off,4.4,"49,448"
deconstruct Sunscreen - SPF SPF 50+ PA++++ Fluid Bright...,199,300,2 Items in the set,35% off,4.9,8
Nimson Complete Essential Winter Care Combo Pack of 8 W...,270,"1,599",100 g,87% off,4.3,197
Remould Beauty Products Herbal All Purpose Face & Skin ...,380,250,100 ml,4% off,4.8,65
mCaffeine Exfoliating Coffee body scrub for Men & Women...,569,"1,080",2 Items in the set,73% off,2.8,5
BEARDO Ultraglow Face Wash,239,350,3 Items in the set,49% off,4.6,5
Oxylife Natural Radiance 5 Creme Bleach 310g & Aqua Man...,321,"1,799",150 ml,14% off,4.2,"24,378"
aloe&me 3 Step Pigment Clear Kit,399,399,300 g,28% off,4.3,114
BIO-REACH ANTI-AGEING WRINKLE LIFT FACIAL KIT | VEGAN M...,666,"4,000",75 ml,60% off,4.4,10
"Glowith Natural Multani Mitti, Neem & Rice Powder Face ...",426,530,400 ml,75% off,4.2,143
Chemist at Play Gentle & Soothing  | 100% Soap Free Fac...,"1,342",349,50 g,29% off,4.2,"1,41,746"
"BIOTIQUE Fruit Brightening |Brightens & Soften Skin, 10...",205,485,30 ml,62% off,4.1,"9,462"
O3+ Sunscreen - SPF 50 PA+ Alpha Men D-tan Sunscreen Sp...,116,799,100 ml,15% off,5,1
Pilgrim Alpha Arbutin & Vitamin C Brightening Skin Face...,337,799,50 g,50% off,4.3,374
deconstruct Oil Control  with Salicylic Acid & Niacinam...,279,520,400 ml,20% off,4.6,52
"deconstruct Oil-Free Moisturizer | Non Sticky,Fast abso...",191,"1,694",800 ml,32% off,4.4,43
WOW SKIN SCIENCE Shea Butter With Lactic Acid Body Loti...,199,275,400 ml,15% off,4.3,"43,936"
Vaseline Intensive Care Deep Moisture Body Lotion 400 m...,240,199,2 Items in the set,74% off,4.3,"2,82,797"
"Vaseline Healthy Bright Daily Brightening Body Lotion, ...",207,430,4 Items in the set,59% off,4,"8,719"
Olifair Night Skincare Routine Combo (Night Cream and H...,224,549,100 ml,25% off,3.9,61
"Phillauri Complete Skin Care Cleanse, Tone, Exfoliate, ...",920,737,3 Items in the set,14% off,4.2,"3,598"
Etszaz Silicone Ice Roller | Ice Pouch | Skin Natural G...,227,999,4 Items in the set,27% off,4.3,"19,318"
Globus Naturals Gold Radiance Brightening & Skin Lighte...,225,"1,799",300 ml,70% off,4.1,15
RIVONA NATURALS Summer Ready Face Set| Skin Care Kit |1...,380,"1,570",75 ml,36% off,3.7,3
BOROPLUS Soft Ayurvedic Antiseptic Cream|Light & Non-st...,"1,066","1,210",4 Items in the set,10% off,3.9,"9,297"
Chemist at Play Gentle & Soothing  | 100% Soap Free Fac...,270,349,2 Items in the set,13% off,4.3,"35,339"
"zanya Mini Care Travel Kit – Skin & Hair Care Set, Skin...",299,"1,379",55 g,26% off,4.2,25
"Piru Microneedling Roller 0.5mm For Hair Growth,& Black...",345,399,40 g,36% off,4.4,16
Herbdiva British Rose Nourishing Glow Facial Kit 6 Step...,318,399,100 ml,40% off,4.2,"6,897"
Shahnaz Husain Gold Facial Kit,195,349,75 ml,56% off,4.1,"10,020"
BEARDO Ultraglow Face Wash,367,699,50 g,12% off,4.3,15
aaditv Medi-cube Facial Mask Dullness Hydrolyzed Collag...,628,275,100 ml,87% off,4.5,11
O3+ Sunscreen - SPF 50 PA+ Alpha Men D-tan Sunscreen Sp...,233,350,400 ml,65% off,4.4,"49,448"
SKIN1004 Madagascar Centella Brightening Booster | Hydr...,99,299,100 ml,23% off,4.7,24
"BIOTIQUE Fruit Brightening |Brightens & Soften Skin, 10...",344,498,30 g,76% off,4.3,30
Chemist at Play Gentle Exfoliating Face Scrub - Removes...,373,429,200 ml,28% off,4.2,"1,945"
ASSURE BB Cream SPF 30+ (All-in-one Cream) skin lighten...,626,"1,596",250 g,37% off,4.2,"17,268"
FOXURO Zero Film Cleansing Oil Blackhead Removal No por...,250,999,1 ml,60% off,4.7,447
"KSMA Toxin Free Pure, Natural, Raw, Triple Filtered Cos...",721,590,4 Items in the set,45% off,4.4,567
Ayur Herbal Herbal All Purpose Cream With Aloe Vera 500...,"1,177",499,100 g,59% off,4.3,28
GLAMVEDA Korean Glass Skin Rice & Ceramide 4 Step Daily...,"1,209",508,100 ml,56% off,4.4,38
OZONE D-Tan Face Scrub 100 G - For Tan Removal. Helps R...,297,990,240 ml,24% off,4,189
MENZ Luxury Brightens Skin Tone Cleanser With Aloe Vera...,996,819,227 g,63% off,4.3,"67,393"
"JOVEES Herbal Papaya  for Blemishes and Pigmentation, 3...",116,999,3 Items in the set,50% off,4.3,"12,701"
"mi nature White Turmeric Powder| Kachur, Curcuma Zeodar...",255,"2,299",2 Items in the set,5% off,3.5,6
mCaffeine Summer essential Skincare Kit for Exfoliation...,314,435,1 Items in the set,16% off,4.3,"43,936"
Piru Microneedling Roller & Scalp Massager Combo for St...,608,458,3 Items in the set,36% off,4.3,"2,82,797"
moolveda Pure & Natural Sandalwood Powder & Kumkumadi T...,203,"1,098",4 Items in the set,5% off,4.4,24
LOTUS Herbals YouthRx Skincare Regime ( Foaming Gel & p...,221,"1,425",250 g,36% off,4.4,10
Lakshmi Krishna Red Sandal Glow & Whitening Kit (Exfoli...,179,349,100 ml,57% off,3.9,83
WishCare Pure & Unscented Glycerine - Pharmaceutical Gr...,215,125,30 ml,29% off,4.4,398
Nature Sure Pores and Marks Oil 1 Pack for enlarged ski...,377,875,200 ml,67% off,3.9,"9,297"
TQS Kumkumadi Tailam Face Oil For Glowing Skin Pigmenta...,205,"1,590",50 g,44% off,4.3,"19,318"
"Organic Netra Rose Water Toner With Vitamin C, Hydrates...",349,399,125 ml,35% off,3.9,10
deconstruct Sunscreen - SPF 55+ PA+++ Lightweight Gel S...,451,300,80 g,8% off,4.8,86
Cetaphil Oily Skin Cleanser Face Wash,116,140,20 Strips,87% off,4.2,"6,897"
Shrikaya Diamond Facial Kit - 5 Step Skincare System,364,"3,999",100 ml,35% off,4.3,"35,339"
DR.RASHEL Coffee 10 Nose Strips and 10 Wet Wipes Blackh...,621,649,100 g,5% off,3.7,3
Clensta Snail 96 Mucin Skin Repair Gentle Face Cleanser...,327,703,125 ml,57% off,4.1,7
Globus Naturals Korean Glass Skin Rice Ceramide Face Cr...,549,399,4 Items in the set,20% off,4.1,121
"Cetaphil Gentle Skin Cleanser With Mild, Non Irritating...",936,"1,799",50 ml,15% off,4.3,194
"Phillauri Complete Skin Care Cleanse, Tone, Exfoliate, ...",191,349,120 ml,35% off,4.7,24
AXIS-Y Spot Correcting Glow Serum Korean Skincare,345,489,100 ml,11% off,4.4,"49,448"
MRHM iGlow Skin Rejuvenating Pack of 2*60ml Face Wash,397,"1,897",130 g,63% off,4.1,75
Etszaz Silicone Ice Roller | Ice Pouch | Skin Natural G...,699,624,75 ml,10% off,4.1,"10,020"
"mCaffeine Coffee Body & Face , Remove Tan, Dead Skin, B...",329,449,1050 g,13% off,4.2,"17,268"
Glutaday Glutathion Whitening and Moisturizing  Pack _3...,105,350,3 Items in the set,57% off,4.4,33
BOROPLUS Soft Ayurvedic Antiseptic Cream 300ml+Antisept...,559,470,5 Items in the set,17% off,4.7,447
DermDoc Kojic Cream + Face Serum Skincare Combo for Wom...,"1,510","2,000",300 ml,4% off,4.3,"67,393"
La Joliette Skin Care Gift Kit For Men And Women,255,349,150 g,47% off,3.9,149
BOROPLUS Soft Ayurvedic Antiseptic Cream|Light & Non-st...,128,699,2 Items in the set,5% off,4.2,429
"mCaffeine Coffee Face Wash & Scrub Combo, Reduces Acne ...",99,"1,100",5 Items in the set,12% off,4.1,"9,462"
Pandanus Vitamin C Skincare Regimen Kit(Face Wash + Fac...,"1,311",965,40 ml,33% off,3.7,"1,417"
Pure Origin Korean Vitamin C Glass Skin Kit – Face Wash...,363,"1,399",9 g,46% off,4.3,20
Chemist at Play Vitamin C Neck Knee Elbow Brightening R...,456,499,4 Items in the set,87% off,3.5,19
HipHop Skincare Charcoal Nose Strips (Women) - Blackhea...,367,349,100 ml,76% off,4.3,316
GLAMVEDA Glass Skin Rice Ceramide Facewash+Soap+Facial ...,225,429,200 ml,22% off,4.4,76
Cosrx BHA Blackhead Power Liquid Exfoliant | Blackhead ...,226,949,100 g,35% off,4.3,"12,701"
"Organic Netra Rose Water Toner With Vitamin C, Hydrates...",464,720,9 g,5% off,4.8,65
"JEEVIKA HERBS MANGO SEEDS POWDER , MANGO GUTHLI POWDER",799,"1,596",50 g,28% off,4.3,644
HipHop Skincare Charcoal Nose Strips (Men) - Blackhead ...,496,499,30 ml,56% off,4.4,583
